,id,hash,series_id,tournament_id,event_id,version,minor_version,dataset_id,dataset_version,platform_id,ladder_id,rated,winning_team_id,builtin_map_id,map_size_id,map_name,event_map_id,rms_zr,rms_custom,rms_seed,guard_state,fixed_positions,direct_placement,effect_quantity,played,added,platform_match_id,duration,completed,restored,postgame,type_id,difficulty_id,population_limit,map_reveal_choice_id,cheats,speed_id,lock_teams,mirror,diplomacy_type,team_size,starting_resources_id,starting_age_id,victory_condition_id,team_together,all_technologies,lock_speed,multiqueue,lobby_name,treaty_length,build,map_tiles,has_playback,game_version,save_version,version_id,hc,starting_palisades,starting_town_centers,starting_walls,state_reader_interval,state_reader_runtime,state_reader_version,platform_metadata,water_percent,lobby_private,lobby_opened,server,log_version
0,1838387,dd6eecd9d1e9eb263abf648ee00d9d49bc7a9e0a,199818864,3032141acdc35ab4d482ab4a-bcc2_s2,bcc2,,,0,1.0c,igz,,,1,23.0,144,Team Islands,,False,False,,False,False,False,False,2009-03-29 12:30:32.000000,2020-04-17 23:19:42.546751,,0 days 00:37:11.370000000,True,False,False,0,3,200,0,False,150,True,True,1v1,1v1,,,,,,,,,,,<memory at 0x11e62e390>,,VER 9.4,11.76,8,,False,1.0,False,,,,,0.487943672839506,,,,4.0
1,1838395,a70d3baf486b31b0e2bfc42fceb0e44d1878515f,199818864,3032141acdc35ab4d482ab4a-bcc2_s2,bcc2,,,0,1.0c,igz,,,1,16.0,144,Fortress,,False,False,,False,False,False,False,2009-03-29 09:52:28.000000,2020-04-17 23:20:07.255185,,0 days 00:02:44.295000000,True,False,False,1,3,200,0,False,150,True,True,1v1,1v1,,,,,,,,,,,<memory at 0x11e62e2c0>,,VER 9.4,11.76,8,,False,1.0,True,,,,,0.105565200617284,,,,4.0
2,1838394,5317ed384ad57efe0bf10cde8f7905e953af3669,199818864,3032141acdc35ab4d482ab4a-bcc2_s2,bcc2,,,0,1.0c,igz,,,1,16.0,144,Fortress,,False,False,,False,False,False,False,2009-03-29 10:12:12.000000,2020-04-17 23:20:04.450754,,0 days 00:29:51.945000000,True,False,False,1,3,200,0,False,150,True,True,1v1,1v1,,,,,,,,,,,<memory at 0x11e62e460>,,VER 9.4,11.76,8,,False,1.0,True,,,,,0.115644290123457,,,,4.0
3,1838393,b8fb5dba4bdafd03a0f7ad6d76552481e8724e73,199818864,3032141acdc35ab4d482ab4a-bcc2_s2,bcc2,,,0,1.0c,igz,,,0,,120,MFO@DoubleArabia,,False,True,,False,False,False,False,2009-03-29 13:28:26.000000,2020-04-17 23:20:00.581985,,0 days 01:21:03.825000000,True,False,False,0,3,200,0,False,150,True,True,1v1,1v1,,,,,,,,,,,<memory at 0x11e62e530>,,VER 9.4,11.76,8,,False,2.0,False,,,,,0.0105555555555556,,,,4.0
4,1838391,a800c8899971fd0b6f77999785dddc7f78ca6026,199818864,3032141acdc35ab4d482ab4a-bcc2_s2,bcc2,,,0,1.0c,igz,,,0,29.0,120,Arena,,False,False,,False,False,False,False,2009-03-29 11:50:00.000000,2020-04-17 23:19:52.694373,,0 days 00:39:27.990000000,True,False,False,0,3,200,2,False,150,True,False,1v1,1v1,,,,,,,,,,,<memory at 0x11e62e600>,,VER 9.4,11.76,8,,False,1.0,True,,,,,0.0,,,,4.0
5,1838392,fbbfa36ca351723c18e9c718653f49017719a6b2,199818864,3032141acdc35ab4d482ab4a-bcc2_s2,bcc2,,,0,1.0c,igz,,,0,29.0,120,Arena,,False,False,,False,False,False,False,2009-03-29 11:21:04.000000,2020-04-17 23:19:56.769704,,0 days 00:38:53.025000000,True,False,False,0,3,200,2,False,150,True,False,1v1,1v1,,,,,,,,,,,<memory at 0x11e62e6d0>,,VER 9.4,11.76,8,,False,1.0,True,,,,,0.0,,,,4.0
6,1838390,6f1be17ab30ff1bbd561de448716d213451f9422,199818864,3032141acdc35ab4d482ab4a-bcc2_s2,bcc2,,,0,1.0c,igz,,,1,9.0,120,Arabia,,False,False,,False,False,False,False,2009-03-29 09:48:48.000000,2020-04-17 23:19:49.563548,,0 days 00:24:52.020000000,True,False,False,0,3,200,0,False,150,True,True,1v1,1v1,,,,,,,,,,,<memory at 0x11e62e7a0>,,VER 9.4,11.76,8,,False,1.0,False,,,,,0.0,,,,4.0
7,1838388,9f15d4220be366b948706d8bfde1ad2c0ac49742,199818864,3032141acdc35ab4d482ab4a-bcc2_s2,bcc2,,,0,1.0c,igz,,,1,9.0,120,Arabia,,False,False,,False,False,False,False,2009-03-29 10:18:10.000000,2020-04-17 23:19:44.593702,,0 days 00:04:48.945000000,True,False,False,0,3,200,0,False,150,True,True,1v1,1v1,,,,,,,,,,,<memory at 0x11e62e870>,,VER 9.4,11.76,8,,False,1.0,False,,,,,0.0102083333333333,,,,4.0
8,1838389,2813bbfde8cf1815f538f3c482cf68353dff3500,199818864,3032141acdc35ab4d482ab4a-bcc2_s2,bcc2,,,0,1.0c,igz,,,0,9.0,120,Arabia,,False,False,,False,False,False,False,2009-03-29 10:49:12.000000,2020-04-17 23:19:46.768162,,0 days 00:48:25.425000000,True,False,False,0,3,200,0,False,150,True,True,1v1,1v1,,,,,,,,,,,<memory at 0x11e62e940>,,VER 9.4,11.76,8,,False,1.0,False,,,,,0.01125,,,,4.0
9,1992345,2144863759deda15bfa48766bf6744374afe2c51,199818863,3032141acdc35ab4d482ab4a-bcc2_s2,bcc2,,,0,1.0c,,,,0,18.0,120,Highland,,False,False,,False,False,False,False,2020-05-03 10:57:34.631000,2020-05-09 17:19:31.071481,,0 days 00:04:28.380000000,True,False,False,0,3,200,0,False,150,True,True,1v1,1v1,,,,,,,,,,,<memory at 0x11e62ea10>,,VER 9.4,11.76,8,,False,1.0,False,,,,,0.0,,,,4.0
10,1992344,4fd06a929bb2a0737b20d67cc2230b1a6d104da3,199818863,3032141acdc35ab4d482ab4a-bcc2_s2,bcc2,,,0,1.0c,,,,1,18.0,120,Highland,,False,False,,False,False,False,False,2020-05-03 10:57:34.631000,2020-05-09 17:19:29.060090,,0 days 00:47:28.860000000,True,False,False,0,3,200,0,False,150,True,True,1v1,1v1,,,,,,,,,,,<memory at 0x11e62eae0>,,VER 9.4,11.76,8,,False,1.0,False,,,,,0.100763888888889,,,,4.0
11,1992342,d2250846f2624f79b623e481a1ece8e4e7c95554,199818863,3032141acdc35ab4d482ab4a-bcc2_s2,bcc2,,,0,1.0c,,,,1,29.0,120,Arena,,False,False,,False,False,False,False,2020-05-03 10:57:34.631000,2020-05-09 17:19:26.692555,,0 days 00:02:01.005000000,True,False,False,0,3,200,2,False,150,True,False,1v1,1v1,,,,,,,,,,,<memory at 0x11e62ebb0>,,VER 9.4,11.76,8,,False,1.0,True,,,,,0.0,,,,4.0
12,1992341,3efe1272e3a389d021040be4c2d931110413bd60,199818863,3032141acdc35ab4d482ab4a-bcc2_s2,bcc2,,,0,1.0c,,,,1,29.0,120,Arena,,False,False,,False,False,False,False,2020-05-03 10:57:34.631000,2020-05-09 17:19:23.919615,,0 days 00:39:41.175000000,True,False,False,0,3,200,2,False,150,True,False,1v1,1v1,,,,,,,,,,,<memory at 0x11e62ec80>,,VER 9.4,11.76,8,,False,1.0,True,,,,,0.0,,,,4.0
13,1992340,ad20684504bf6a5e0866863fd005cb7be62f1096,199818863,3032141acdc35ab4d482ab4a-bcc2_s2,bcc2,,,0,1.0c,,,,0,29.0,120,Arena,,False,False,,False,False,False,False,2020-05-03 10:57:34.631000,2020-05-09 17:19:21.451155,,0 days 00:01:51.600000000,True,False,False,0,3,200,2,False,150,True,False,1v1,1v1,,,,,,,,,,,<memory at 0x11e62ed50>,,VER 9.4,11.76,8,,False,1.0,True,,,,,0.0,,,,4.0
14,1992339,5cff588c571c4df92a1ac4164abab4d4ba171f08,199818863,3032141acdc35ab4d482ab4a-bcc2_s2,bcc2,,,0,1.0c,,,,1,29.0,120,Arena,,False,False,,False,False,False,False,2020-05-03 10:57:34.631000,2020-05-09 17:19:18.693559,,0 days 00:40:14.160000000,True,False,False,0,3,200,2,False,150,True,False,1v1,1v1,,,,,,,,,,,<memory at 0x11e62ee20>,,VER 9.4,11.76,8,,False,1.0,True,,,,,0.0,,,,4.0
15,1992338,f1a95458e7a4a716c6d3bb48acf1ec16e487be1a,199818863,3032141acdc35ab4d482ab4a-bcc2_s2,bcc2,,,0,1.0c,,,,0,9.0,120,Arabia,,False,False,,False,False,False,False,2020-05-03 10:57:34.631000,2020-05-09 17:19:15.607097,,0 days 00:36:39.735000000,True,False,False,0,3,200,0,False,150,True,True,1v1,1v1,,,,,,,,,,,<memory at 0x11e62eef0>,,VER 9.4,11.76,8,,False,1.0,False,,,,,0.0101388888888889,,,,4.0
16,1992337,79e129dc63e1607f280af0748b4a98b40a546b60,199818863,3032141acdc35ab4d482ab4a-bcc2_s2,bcc2,,,0,1.0c,,,,0,23.0,144,Team Islands,,False,False,,False,False,False,False,2020-05-03 10:57:34.631000,2020-05-09 17:19:13.077732,,0 days 00:38:07.755000000,True,False,False,0,3,200,0,False,150,True,True,1v1,1v1,,,,,,,,,,,<memory at 0x11e664050>,,VER 9.4,11.76,8,,False,1.0,False,,,,,0.487606095679012,,,,4.0
17,1992336,5097a51537f4a851ad488da00b66d2c6d5eac55f,199818863,3032141acdc35ab4d482ab4a-bcc2_s2,bcc2,,,0,1.0c,,,,1,16.0,144,Fortress,,False,False,,False,False,False,False,2020-05-03 10:57:34.631000,2020-05-09 17:19:10.495807,,0 days 00:29:09.600000000,True,False,False,1,3,200,0,False,150,True,False,1v1,1v1,,,,,,,,,,,<memory at 0x11e664120>,,VER 9.4,11.76,8,,False,1.0,True,,,,,0.176890432098765,,,,4.0
18,1992335,b0f16723d1dc6901becb0af248031f05df136861,199818863,3032141acdc35ab4d482ab4a-bcc2_s2,bcc2,,,0,1.0c,,,,1,,120,MFO@DoubleArabia,,False,True,,False,False,False,False,2020-05-03 10:57:34.631000,2020-05-09 17:19:08.176861,,0 days 00:02:55.725000000,True,False,False,0,3,200,0,False,150,True,True,1v1,1v1,,,,,,,,,,,<memory at 0x11e6641f0>,,VER 9.4,11.76,8,,False,2.0,False,,,,,0.0104166666666667,,,,4.0
19,1992333,bf3850d5c23d2d097ca06816c16a07358689b376,199818863,3032141acdc35ab4d482ab4a-bcc2_s2,bcc2,,,0,1.0c,,,,0,,120,MFO@DoubleArabia,,False,True,,False,False,False,False,2020-05-03 10:57:34.631000,2020-05-09 17:19:06.222147,,0 days 00:26:20.580000000,True,False,False,0,3,200,0,False,150,True,True,1v1,1v1,,,,,,,,,,,<memory at 0x11e6642c0>,,VER 9.4,11.76,8,,False,2.0,False,,,,,0.0104861111111111,,,,4.0
20,1992332,c7dbc4706b06957d2d99bd2479c65c0cd751e99e,199818862,3032141acdc35ab4d482ab4a-bcc2_s2,bcc2,,,0,1.0c,,,,0,23.0,144,Team Islands,,False,False,,False,False,False,False,2020-05-03 10:57:26.921000,2020-05-09 17:19:03.531900,,0 days 01:08:45.510000000,True,False,False,0,3,200,0,False,150,True,True,1v1,1v1,,,,,,,,,,,<memory at 0x11e664390>,,VER 9.4,11.76,8,,False,1.0,False,,,,,0.486448688271605,,,,4.0
21,1992331,17f60b0da2ffc0e9005ed15acd2381f91d38add6,199818862,3032141acdc35ab4d482ab4a-bcc2_s2,bcc2,,,0,1.0c,,,,1,23.0,144,Team Islands,,False,False,,False,False,False,False,2020-05-03 10:57:26.921000,2020-05-09 17:19:00.343843,,0 days 00:47:50.190000000,True,False,False,0,3,200,0,False,150,True,True,1v1,1v1,,,,,,,,,,,<memory at 0x11e664460>,,VER 9.4,11.76,8,,False,1.0,False,,,,,0.486689814814815,,,,4.0
22,1992330,0aa55150dfd7e64d758d4d3f8f31206f9d556831,199818862,3032141acdc35ab4d482ab4a-bcc2_s2,bcc2,,,0,1.0c,,,,0,,120,MFO@DoubleArabia,,False,True,,False,False,False,False,2020-05-03 10:57:26.921000,2020-05-09 17:18:57.544185,,0 days 00:25:16.320000000,True,False,False,0,3,200,0,False,150,True,True,1v1,1v1,,,,,,,,,,,<memory at 0x11e664530>,,VER 9.4,11.76,8,,False,2.0,False,,,,,0.0106944444444444,,,,4.0
23,1992329,44698aec4983a633eb21d31173483134fd8448a6,199818862,3032141acdc35ab4d482ab4a-bcc2_s2,bcc2,,,0,1.0c,,,,1,29.0,120,Arena,,False,False,,False,False,False,False,2020-05-03 10:57:26.921000,2020-05-09 17:18:54.664304,,0 days 00:53:00.375000000,True,False,False,0,3,200,2,False,150,True,False,1v1,1v1,,,,,,,,,,,<memory at 0x11e664600>,,VER 9.4,11.76,8,,False,1.0,True,,,,,0.0,,,,4.0
24,1992327,b0d70dbb8cef9b3178e844fe1de723dcf62ae878,199818862,3032141acdc35ab4d482ab4a-bcc2_s2,bcc2,,,0,1.0c,,,,0,29.0,120,Arena,,False,False,,False,False,False,False,2020-05-03 10:57:26.921000,2020-05-09 17:18:51.692299,,0 days 00:02:06.675000000,True,False,False,0,3,200,2,False,150,True,False,1v1,1v1,,,,,,,,,,,<memory at 0x11e6646d0>,,VER 9.4,11.76,8,,False,1.0,True,,,,,0.0,,,,4.0
25,1992326,321b1f63ede73574b57a2bb68b67671b7da86b1f,199818862,3032141acdc35ab4d482ab4a-bcc2_s2,bcc2,,,0,1.0c,,,,1,29.0,120,Arena,,False,False,,False,False,False,False,2020-05-03 10:57:26.921000,2020-05-09 17:18:48.842294,,0 days 00:40:47.865000000,True,False,False,0,3,200,2,False,150,True,False,1v1,1v1,,,,,,,,,,,<memory at 0x11e6647a0>,,VER 9.4,11.76,8,,False,1.0,True,,,,,0.0,,,,4.0
26,1992324,5402d9206a735c15badad7baf4a3a5c6e059f245,199818862,3032141acdc35ab4d482ab4a-bcc2_s2,bcc2,,,0,1.0c,,,,1,9.0,120,Arabia,,False,False,,False,False,False,False,2020-05-03 10:57:26.921000,2020-05-09 17:18:46.282223,,0 days 00:47:48.255000000,True,False,False,0,3,200,0,False,150,True,True,1v1,1v1,,,,,,,,,,,<memory at 0x11e664870>,,VER 9.4,11.76,8,,False,1.0,False,,,,,0.0,,,,4.0
27,1992323,2e8f9944ba0839795930bd351d99a32b67abcacd,199818862,3032141acdc35ab4d482ab4a-bcc2_s2,bcc2,,,0,1.0c,,,,0,9.0,120,Arabia,,False,False,,False,False,False,False,2020-05-03 10:57:26.921000,2020-05-09 17:18:44.218359,,0 days 00:35:21.390000000,True,False,False,0,3,200,0,False,150,True,True,1v1,1v1,,,,,,,,,,,<memory at 0x11e664940>,,VER 9.4,11.76,8,,False,1.0,False,,,,,0.0,,,,4.0
28,1992322,e2595cd77316ffdc32c69e9a7bea818ebecfcb66,199818862,3032141acdc35ab4d482ab4a-bcc2_s2,bcc2,,,0,1.0c,,,,0,9.0,120,Arabia,,False,False,,False,False,False,False,2020-05-03 10:57:26.921000,2020-05-09 17:18:42.679529,,0 days 00:03:30.510000000,True,False,False,0,3,200,0,False,150,True,True,1v1,1v1,,,,,,,,,,,<memory at 0x11e664a10>,,VER 9.4,11.76,8,,False,1.0,False,,,,,0.0,,,,4.0
29,1838386,91dd53bddcc2ea0dbabd355e8b5b6138f4d76a52,199818860,3032141acdc35ab4d482ab4a-bcc2_s2,bcc2,,,0,1.0c,igz,,,1,16.0,144,Fortress,,False,False,,False,False,False,False,2009-04-11 22:30:14.000000,2020-04-17 23:19:38.644622,,0 days 00:33:25.155000000,True,False,False,1,3,200,0,False,150,True,True,1v1,1v1,,,,,,,,,,,<memory at 0x11e664ae0>,,VER 9.4,11.76,8,,False,1.0,True,,,,,0.10546875,,,,4.0
30,1838385,496169499d95a9708514ab699840f8903725fdba,199818860,3032141acdc35ab4d482ab4a-bcc2_s2,bcc2,,,0,1.0c,igz,,,0,,120,MFO@DoubleArabia,,False,True,,False,False,False,False,2009-04-12 00:35:56.000000,2020-04-17 23:19:34.031202,,0 days 00:31:57.810000000,True,False,False,0,3,200,0,False,150,True,True,1v1,1v1,,,,,,,,,,,<memory at 0x11e664bb0>,,VER 9.4,11.76,8,,False,2.0,False,,,,,0.0107638888888889,,,,4.0
31,1838384,8c96c159ba46ffb723b8f612cfdab76bd2cfd152,199818860,3032141acdc35ab4d482ab4a-bcc2_s2,bcc2,,,0,1.0c,igz,,,1,9.0,120,Arabia,,False,False,,False,False,False,False,2009-04-11 21:32:46.000000,2020-04-17 23:19:25.709314,,0 days 00:26:55.905000000,True,False,False,0,3,200,0,False,150,True,True,1v1,1v1,,,,,,,,,,,<memory at 0x11e664c80>,,VER 9.4,11.76,8,,False,1.0,False,,,,,0.0106944444444444,,,,4.0
32,1838383,7beee3316b4aa3539977a5dd8558c533b2c21835,199818860,3032141acdc35ab4d482ab4a-bcc2_s2,bcc2,,,0,1.0c,igz,,,0,9.0,120,Arabia,,False,False,,False,False,False,False,2009-04-11 21:54:34.000000,2020-04-17 23:19:23.066326,,0 days 00:25:40.935000000,True,False,False,0,3,200,0,False,150,True,True,1v1,1v1,,,,,,,,,,,<memory at 0x11e664d50>,,VER 9.4,11.76,8,,False,1.0,False,,,,,0.010625,,,,4.0
33,1992320,a060bb0f47f01c0680bfeea099d6ff045ddaac2a,199818859,3032141acdc35ab4d482ab4a-bcc2_s2,bcc2,,,0,1.0c,,,,0,23.0,144,Team Islands,,False,False,,False,False,False,False,2020-05-03 10:56:40.193000,2020-05-09 17:18:36.791176,,0 days 00:44:10.050000000,True,False,False,0,3,200,0,False,150,True,True,1v1,1v1,,,,,,,,,,,<memory at 0x11e664e20>,,VER 9.4,11.76,8,,False,1.0,False,,,,,0.491608796296296,,,,4.0
34,1992318,08dbf029d00a266ffb68e6b94142dd8a691e271f,199818859,3032141acdc35ab4d482ab4a-bcc2_s2,bcc2,,,0,1.0c,,,,1,23.0,144,Team Islands,,False,False,,False,False,False,False,2020-05-03 10:56:40.193000,2020-05-09 17:18:33.980998,,0 days 00:35:23.325000000,True,False,False,0,3,200,0,False,150,True,True,1v1,1v1,,,,,,,,,,,<memory at 0x11e664ef0>,,VER 9.4,11.76,8,,False,1.0,False,,,,,0.486400462962963,,,,4.0
35,1992317,acc3b85747b0e186f2aea0b4fbe4e665d6618230,199818859,3032141acdc35ab4d482ab4a-bcc2_s2,bcc2,,,0,1.0c,,,,0,,120,MFO@DoubleArabia,,False,True,,False,False,False,False,2020-05-03 10:56:40.193000,2020-05-09 17:18:31.447385,,0 days 00:31:31.440000000,True,False,False,0,3,200,0,False,150,True,True,1v1,1v1,,,,,,,,,,,<memory at 0x11e667050>,,VER 9.4,11.76,8,,False,2.0,False,,,,,0.0103472222222222,,,,4.0
36,1992316,f5682a2ffbc66f20023284e4977ae9efc0cdb69d,199818859,3032141acdc35ab4d482ab4a-bcc2_s2,bcc2,,,0,1.0c,,,,1,29.0,120,Arena,,False,False,,False,False,False,False,2020-05-03 10:56:40.193000,2020-05-09 17:18:28.611531,,0 days 00:45:25.245000000,True,False,False,0,3,200,2,False,150,True,False,1v1,1v1,,,,,,,,,,,<memory at 0x11e667120>,,VER 9.4,11.76,8,,False,1.0,True,,,,,0.0,,,,4.0
37,1992315,acf3d3f7aba6e19ebca7efdac6bcdf012af584b9,199818859,3032141acdc35ab4d482ab4a-bcc2_s2,bcc2,,,0,1.0c,,,,0,29.0,120,Arena,,False,False,,False,False,False,False,2020-05-03 10:56:40.193000,2020-05-09 17:18:25.579250,,0 days 00:39:53.100000000,True,False,False,0,3,200,2,False,150,True,False,1v1,1v1,,,,,,,,,,,<memory at 0x11e6671f0>,,VER 9.4,11.76,8,,False,1.0,True,,,,,0.0,,,,4.0
38,1992314,13841373428cf8ca1d526e07cdcad25873d7c8c0,199818859,3032141acdc35ab4d482ab4a-bcc2_s2,bcc2,,,0,1.0c,,,,1,9.0,120,Arabia,,False,False,,False,False,False,False,2020-05-03 10:56:40.193000,2020-05-09 17:18:22.925267,,0 days 00:29:58.020000000,True,False,False,0,3,200,0,False,150,True,True,1v1,1v1,,,,,,,,,,,<memory at 0x11e6672c0>,,VER 9.4,11.76,8,,False,1.0,False,,,,,0.0103472222222222,,,,4.0
39,1992311,3cb50ee31327876c8b9375e923b61dd965a40787,199818859,3032141acdc35ab4d482ab4a-bcc2_s2,bcc2,,,0,1.0c,,,,1,9.0,120,Arabia,,False,False,,False,False,False,False,2020-05-03 10:56:40.193000,2020-05-09 17:18:19.716340,,0 days 00:44:40.695000000,True,False,False,0,3,200,0,False,150,True,True,1v1,1v1,,,,,,,,,,,<memory at 0x11e667390>,,VER 9.4,11.76,8,,False,1.0,False,,,,,0.0,,,,4.0
40,1992310,496830a8fce9b847ae715b00292d19b3c99bb6e2,199818858,3032141acdc35ab4d482ab4a-bcc2_s2,bcc2,,,0,1.0c,,,,1,23.0,144,Team Islands,,False,False,,False,False,False,False,2020-05-03 10:56:28.409000,2020-05-09 17:18:16.776593,,0 days 01:06:39.960000000,True,False,False,0,3,200,0,False,150,True,True,1v1,1v1,,,,,,,,,,,<memory at 0x11e667460>,,VER 9.4,11.76,8,,False,1.0,False,,,,,0.490403163580247,,,,4.0
41,1992309,e07e6eab145ea92aac8cbf59ba33dfac762c8c19,199818858,3032141acdc35ab4d482ab4a-bcc2_s2,bcc2,,,0,1.0c,,,,0,23.0,144,Team Islands,,False,False,,False,False,False,False,2020-05-03 10:56:28.409000,2020-05-09 17:18:14.062202,,0 days 00:37:25.185000000,True,False,False,0,3,200,0,False,150,True,True,1v1,1v1,,,,,,,,,,,<memory at 0x11e667530>,,VER 9.4,11.76,8,,False,1.0,False,,,,,0.484905478395062,,,,4.0
42,1992308,1c768850da755c8ca7a24a00ae811e64db1c3ff6,199818858,3032141acdc35ab4d482ab4a-bcc2_s2,bcc2,,,0,1.0c,,,,0,16.0,144,Fortress,,False,False,,False,False,False,False,2020-05-03 10:56:28.409000,2020-05-09 17:18:11.121081,,0 days 01:03:15.705000000,True,False,False,1,3,200,0,False,150,True,True,1v1,1v1,,,,,,,,,,,<memory at 0x11e667600>,,VER 9.4,11.76,8,,False,1.0,True,,,,,0.117091049382716,,,,4.0
43,1992307,3bc94d921f203ab7ad031ca75a2f5d9cdb4c7ece,199818858,3032141acdc35ab4d482ab4a-bcc2_s2,bcc2,,,0,1.0c,,,,0,,120,MFO@DoubleArabia,,False,True,,False,False,False,False,2020-05-03 10:56:28.409000,2020-05-09 17:18:08.672670,,0 days 00:01:53.580000000,True,False,False,0,3,200,0,False,150,True,True,1v1,1v1,,,,,,,,,,,<memory at 0x11e6676d0>,,VER 9.4,11.76,8,,False,2.0,False,,,,,0.0102083333333333,,,,4.0
44,1992306,b92117df61c1658ed90281ec5714de4c8fd22f37,199818858,3032141acdc35ab4d482ab4a-bcc2_s2,bcc2,,,0,1.0c,,,,0,,120,MFO@DoubleArabia,,False,True,,False,False,False,False,2020-05-03 10:56:28.409000,2020-05-09 17:18:06.896698,,0 days 00:27:30.240000000,True,False,False,0,3,200,0,False,150,True,True,1v1,1v1,,,,,,,,,,,<memory at 0x11e6677a0>,,VER 9.4,11.76,8,,False,2.0,False,,,,,0.0104166666666667,,,,4.0
45,1992304,398d10e88e2ddb6cab87c2a167afb24b2132319c,199818858,3032141acdc35ab4d482ab4a-bcc2_s2,bcc2,,,0,1.0c,,,,1,29.0,120,Arena,,False,False,,False,False,False,False,2020-05-03 10:56:28.409000,2020-05-09 17:18:03.145418,,0 days 00:36:42.390000000,True,False,False,0,3,200,2,False,150,True,False,1v1,1v1,,,,,,,,,,,<memory at 0x11e667870>,,VER 9.4,11.76,8,,False,1.0,True,,,,,0.0,,,,4.0
46,1992302,ca215369238f4920374598dcce5d4c5691195119,199818858,3032141acdc35ab4d482ab4a-bcc2_s2,bcc2,,,0,1.0c,,,,0,9.0,120,Arabia,,False,False,,False,False,False,False,2020-05-03 10:56:28.409000,2020-05-09 17:17:59.835305,,0 days 00:03:02.430000000,True,False,False,0,3,200,0,False,150,True,True,1v1,1v1,,,,,,,,,,,<memory at 0x11e667940>,,VER 9.4,11.76,8,,False,1.0,False,,,,,0.0,,,,4.0
47,1992301,d4939b18d1d20a96503e70502f0efe08b6033b56,199818858,3032141acdc35ab4d482ab4a-bcc2_s2,bcc2,,,0,1.0c,,,,1,9.0,120,Arabia,,False,False,,False,False,False,False,2020-05-03 10:56:28.409000,2020-05-09 17:17:58.078004,,0 days 00:35:40.380000000,True,False,False,0,3,200,0,False,150,True,True,1v1,1v1,,,,,,,,,,,<memory at 0x11e667a10>,,VER 9.4,11.76,8,,False,1.0,False,,,,,0.0103472222222222,,,,4.0
48,1838404,f4c389d6321be30bfb8ffd90051466a4aecc09f5,199818857,3032141acdc35ab4d482ab4a-bcc2_s2,bcc2,,,0,1.0c,igz,,,1,,120,UltraRandom_v4,,False,True,,False,False,False,False,2009-04-05 00:31:28.000000,2020-04-17 23:20:41.609652,,0 days 00:33:52.110000000,True,False,False,0,3,200,0,False,150,True,True,1v1,1v1,,,,,,,,,,,<memory at 0x11e667ae0>,,VER 9.4,11.76,8,,False,1.0,False,,,,,0.577986111111111,,,,4.0
49,1838402,03f9690d8997e94564c3cc95a6e6502bf35ca309,199818857,3032141acdc35ab4d482ab4a-bcc2_s2,bcc2,,,0,1.0c,igz,,,1,23.0,144,Team Islands,,False,False,,False,False,False,False,2009-04-05 03:11:20.000000,2020-04-17 23:20:37.081773,,0 days 01:00:22.905000000,True,False,False,0,3,200,0,False,150,True,True,1v1,1v1,,,,,,,,,,,<memory at 0x11e667bb0>,,VER 9.4,11.76,8,,False,1.0,False,,,,,0.488184799382716,,,,4.0
50,1838403,e5fbb95eba4db6905da25305e3a8c736eb25c892,199818857,3032141acdc35ab4d482ab4a-bcc2_s2,bcc2,,,0,1.0c,igz,,,1,23.0,144,Team Islands,,False,False,,False,False,False,False,2009-04-05 02:28:46.000000,2020-04-17 23:20:39.670310,,0 days 00:02:20.310000000,True,False,False,0,3,200,0,False,150,True,True,1v1,1v1,,,,,,,,,,,<memory at 0x11e667c80>,,VER 9.4,11.76,8,,False,1.0,False,,,,,0.488233024691358,,,,4.0
51,1838401,f8da32746ae4853f9e6b13c31f60e8dd216327b1,199818857,3032141acdc35ab4d482ab4a-bcc2_s2,bcc2,,,0,1.0c,igz,,,1,16.0,144,Fortress,,False,False,,False,False,False,False,2009-04-05 00:59:58.000000,2020-04-17 23:20:29.025174,,0 days 00:39:39.555000000,True,False,False,1,3,200,0,False,150,True,False,1v1,1v1,,,,,,,,,,,<memory at 0x11e667d50>,,VER 9.4,11.76,8,,False,1.0,True,,,,,0.106143904320988,,,,4.0
52,1838400,df134fb8045928689525b9224082d1d4d3845656,199818857,3032141acdc35ab4d482ab4a-bcc2_s2,bcc2,,,0,1.0c,igz,,,1,,120,MFO@DoubleArabia,,False,True,,False,False,False,False,2009-04-05 03:47:18.000000,2020-04-17 23:20:25.261990,,0 days 00:50:22.560000000,True,False,False,0,3,200,0,False,150,True,True,1v1,1v1,,,,,,,,,,,<memory at 0x11e667e20>,,VER 9.4,11.76,8,,False,2.0,False,,,,,0.0104166666666667,,,,4.0
53,1838399,4699e48376a222263901175f6e87ee534092ebf2,199818857,3032141acdc35ab4d482ab4a-bcc2_s2,bcc2,,,0,1.0c,igz,,,0,29.0,120,Arena,,False,False,,False,False,False,False,2009-04-05 02:22:22.000000,2020-04-17 23:20:21.108065,,0 days 00:59:48.300000000,True,False,False,0,3,200,2,False,150,True,False,1v1,1v1,,,,,,,,,,,<memory at 0x11e667ef0>,,VER 9.4,11.76,8,,False,1.0,True,,,,,0.0,,,,4.0
54,1838398,47a1aef38a83c53e56573891d40d057202de5fb6,199818857,3032141acdc35ab4d482ab4a-bcc2_s2,bcc2,,,0,1.0c,igz,,,1,29.0,120,Arena,,False,False,,False,False,False,False,2009-04-05 01:39:44.000000,2020-04-17 23:20:13.744124,,0 days 00:44:40.065000000,True,False,False,0,3,200,2,False,150,True,False,1v1,1v1,,,,,,,,,,,<memory at 0x11e64c050>,,VER 9.4,11.76,8,,False,1.0,True,,,,,0.0,,,,4.0
55,1838397,4f9b99399710ff413edc250b64e5e2117f4e9fff,199818857,3032141acdc35ab4d482ab4a-bcc2_s2,bcc2,,,0,1.0c,igz,,,1,9.0,120,Arabia,,False,False,,False,False,False,False,2009-04-05 00:05:06.000000,2020-04-17 23:20:10.999563,,0 days 00:27:12.915000000,True,False,False,0,3,200,0,False,150,True,True,1v1,1v1,,,,,,,,,,,<memory at 0x11e64c120>,,VER 9.4,11.76,8,,False,1.0,False,,,,,0.0,,,,4.0
56,1838396,ea22acfc97427feeeb0a9ec87dbd429c7dc1d4b4,199818857,3032141acdc35ab4d482ab4a-bcc2_s2,bcc2,,,0,1.0c,igz,,,1,9.0,120,Arabia,,False,False,,False,False,False,False,2009-04-04 23:45:40.000000,2020-04-17 23:20:09.180112,,0 days 00:03:44.325000000,True,False,False,0,3,200,0,False,150,True,True,1v1,1v1,,,,,,,,,,,<memory at 0x11e64c1f0>,,VER 9.4,11.76,8,,False,1.0,False,,,,,0.0103472222222222,,,,4.0
57,1992296,c0c82776550310095908e54f3dd123a31183f24d,199818856,3032141acdc35ab4d482ab4a-bcc2_s2,bcc2,,,0,1.0c,,,,0,23.0,144,Team Islands,,False,False,,False,False,False,False,2020-05-03 10:56:11.910000,2020-05-09 17:17:32.016949,,0 days 00:02:34.575000000,True,False,False,0,3,200,0,False,150,True,True,1v1,1v1,,,,,,,,,,,<memory at 0x11e64c2c0>,,VER 9.4,11.76,8,,False,1.0,False,,,,,0.48876350308642,,,,4.0
58,1992295,4fbaba474f8d6ebeecf3ca12fddde7867461e557,199818856,3032141acdc35ab4d482ab4a-bcc2_s2,bcc2,,,0,1.0c,,,,1,23.0,144,Team Islands,,False,False,,False,False,False,False,2020-05-03 10:56:11.910000,2020-05-09 17:17:29.530388,,0 days 00:47:11.265000000,True,False,False,0,3,200,0,False,150,True,True,1v1,1v1,,,,,,,,,,,<memory at 0x11e64c390>,,VER 9.4,11.76,8,,False,1.0,False,,,,,0.487364969135802,,,,4.0
59,1992293,268396e2eb3446e54c27ac7f86586d8ca1f9fbfb,199818856,3032141acdc35ab4d482ab4a-bcc2_s2,bcc2,,,0,1.0c,,,,0,16.0,144,Fortress,,False,False,,False,False,False,False,2020-05-03 10:56:11.910000,2020-05-09 17:17:26.542097,,0 days 00:52:56.730000000,True,False,False,1,3,200,0,False,150,True,False,1v1,1v1,,,,,,,,,,,<memory at 0x11e64c460>,,VER 9.4,11.76,8,,False,1.0,True,,,,,0.104938271604938,,,,4.0
60,1992292,6e5f8925588e721cbeb2b42e2388e9de8fe88856,199818856,3032141acdc35ab4d482ab4a-bcc2_s2,bcc2,,,0,1.0c,,,,0,,120,MFO@DoubleArabia,,False,True,,False,False,False,False,2020-05-03 10:56:11.910000,2020-05-09 17:17:23.485929,,0 days 00:32:04.605000000,True,False,False,0,3,200,0,False,150,True,False,1v1,1v1,,,,,,,,,,,<memory at 0x11e64c530>,,VER 9.4,11.76,8,,False,2.0,False,,,,,0.0104861111111111,,,,4.0
61,1992291,609cc6f2ac3b9a80db756c5e7c375c189eb0554d,199818856,3032141acdc35ab4d482ab4a-bcc2_s2,bcc2,,,0,1.0c,,,,0,11.0,120,Baltic,,False,False,,False,False,False,False,2020-05-03 10:56:11.910000,2020-05-09 17:17:20.384234,,0 days 00:43:54.345000000,True,False,False,0,3,200,0,False,150,True,True,1v1,1v1,,,,,,,,,,,<memory at 0x11e64c600>,,VER 9.4,11.76,8,,False,1.0,False,,,,,0.330625,,,,4.0
62,1992290,9c71ecda9c74f617943d455c21fc4622099f5d2f,199818856,3032141acdc35ab4d482ab4a-bcc2_s2,bcc2,,,0,1.0c,,,,1,29.0,120,Arena,,False,False,,False,False,False,False,2020-05-03 10:56:11.910000,2020-05-09 17:17:16.452765,,0 days 00:25:00.075000000,True,False,False,0,3,200,2,False,150,True,False,1v1,1v1,,,,,,,,,,,<memory at 0x11e64c6d0>,,VER 9.4,11.76,8,,False,1.0,True,,,,,0.0,,,,4.0
63,1992288,fd6602b26f1c37a2d9557332409f0ae79912bbdc,199818856,3032141acdc35ab4d482ab4a-bcc2_s2,bcc2,,,0,1.0c,,,,0,29.0,120,Arena,,False,False,,False,False,False,False,2020-05-03 10:56:11.910000,2020-05-09 17:17:13.592047,,0 days 00:21:31.455000000,True,False,False,0,3,200,2,False,150,True,False,1v1,1v1,,,,,,,,,,,<memory at 0x11e64c7a0>,,VER 9.4,11.76,8,,False,1.0,True,,,,,0.0,,,,4.0
64,1992287,e04af97fcebd36791b3a7a32f3b9dde5453084be,199818856,3032141acdc35ab4d482ab4a-bcc2_s2,bcc2,,,0,1.0c,,,,1,9.0,120,Arabia,,False,False,,False,False,False,False,2020-05-03 10:56:11.910000,2020-05-09 17:17:11.535509,,0 days 00:02:28.050000000,True,False,False,0,3,200,0,False,150,True,True,1v1,1v1,,,,,,,,,,,<memory at 0x11e64c870>,,VER 9.4,11.76,8,,False,1.0,False,,,,,0.0105555555555556,,,,4.0
65,1992286,37475e5831f9129bb205d642a62dcb2f4fed2571,199818856,3032141acdc35ab4d482ab4a-bcc2_s2,bcc2,,,0,1.0c,,,,0,9.0,120,Arabia,,False,False,,False,False,False,False,2020-05-03 10:56:11.910000,2020-05-09 17:17:09.397396,,0 days 00:52:25.050000000,True,False,False,0,3,200,0,False,150,True,True,1v1,1v1,,,,,,,,,,,<memory at 0x11e64c940>,,VER 9.4,11.76,8,,False,1.0,False,,,,,0.0,,,,4.0
66,1652815,ad81d24dee8544c6d1a020be3b7d8d9d583729d2,199818855,3032141acdc35ab4d482ab4a-bcc2_s2,bcc2,,,0,1.0c,voobly,,,0,9.0,120,Arabia,,False,False,,False,False,False,False,2009-04-25 00:31:52.000000,2020-03-22 17:53:58.376289,,0 days 00:18:44.505000000,True,False,False,0,3,200,0,False,150,True,True,1v1,1v1,,,,,,,,,,,<memory at 0x11e64ca10>,,VER 9.4,11.76,8,,,,,,,,,,,,,
67,1652814,6d4b1f831f3c9bef2dd54bc9b5af877acce48e6a,199818855,3032141acdc35ab4d482ab4a-bcc2_s2,bcc2,,,0,1.0c,voobly,,,1,23.0,144,Team Islands,,False,False,,False,False,False,False,2009-04-25 03:14:58.000000,2020-03-22 17:53:55.584641,,0 days 00:34:15.330000000,True,False,False,0,3,200,0,False,150,True,True,1v1,1v1,,,,,,,,,,,<memory at 0x11e64cae0>,,VER 9.4,11.76,8,,,,,,,,,,,,,
68,1652813,31fe019bc8b8ab636f32d1c15514c618321671cf,199818855,3032141acdc35ab4d482ab4a-bcc2_s2,bcc2,,,0,1.0c,voobly,,,1,16.0,144,Fortress,,False,False,,False,False,False,False,2009-04-25 01:00:38.000000,2020-03-22 17:53:53.471204,,0 days 00:38:56.040000000,True,False,False,1,3,200,0,False,150,True,False,1v1,1v1,,,,,,,,,,,<memory at 0x11e64cbb0>,,VER 9.4,11.76,8,,,,,,,,,,,,,
69,1652812,e064b9c3babcf1711a9445807b5cb4fc7dc66080,199818855,3032141acdc35ab4d482ab4a-bcc2_s2,bcc2,,,0,1.0c,voobly,,,1,,120,MFO@DoubleArabia,,False,True,,False,False,False,False,2009-04-25 03:33:26.000000,2020-03-22 17:53:51.589028,,0 days 00:22:46.245000000,True,False,False,0,3,200,0,False,150,True,False,1v1,1v1,,,,,,,,,,,<memory at 0x11e64cc80>,,VER 9.4,11.76,8,,,,,,,,,,,,,
70,1652811,4dbc4c1f0815efc318865cdd50f3997ff440aded,199818855,3032141acdc35ab4d482ab4a-bcc2_s2,bcc2,,,0,1.0c,voobly,,,1,29.0,120,Arena,,False,False,,False,False,False,False,2009-04-25 02:40:34.000000,2020-03-22 17:53:49.519106,,0 days 00:25:18.705000000,True,False,False,0,3,200,2,False,150,True,False,1v1,1v1,,,,,,,,,,,<memory at 0x11e64cd50>,,VER 9.4,11.76,8,,,,,,,,,,,,,
71,1652810,3ae8ac845d715418470dfa61ff923d91700ce235,199818855,3032141acdc35ab4d482ab4a-bcc2_s2,bcc2,,,0,1.0c,voobly,,,0,29.0,120,Arena,,False,False,,False,False,False,False,2009-04-25 02:20:20.000000,2020-03-22 17:53:46.891139,,0 days 00:30:36.045000000,True,False,False,0,3,200,2,False,150,True,False,1v1,1v1,,,,,,,,,,,<memory at 0x11e64ce20>,,VER 9.4,11.76,8,,,,,,,,,,,,,
72,1652809,a7d728f841955378d32f876efd4532dc8ba19b40,199818855,3032141acdc35ab4d482ab4a-bcc2_s2,bcc2,,,0,1.0c,voobly,,,1,9.0,120,Arabia,,False,False,,False,False,False,False,2009-04-25 00:17:20.000000,2020-03-22 17:53:45.378857,,0 days 00:04:36.390000000,True,False,False,0,3,200,0,False,150,True,True,1v1,1v1,,,,,,,,,,,<memory at 0x11e64cef0>,,VER 9.4,11.76,8,,,,,,,,,,,,,
73,1652808,92743a5ef45442cd38638e33d96392696cee3285,199818855,3032141acdc35ab4d482ab4a-bcc2_s2,bcc2,,,0,1.0c,voobly,,,1,23.0,144,Team Islands,,False,False,,False,False,False,False,2009-04-25 01:43:48.000000,2020-03-22 17:53:43.415848,,0 days 00:54:59.670000000,True,False,False,0,3,200,0,False,150,True,True,1v1,1v1,,,,,,,,,,,<memory at 0x11e66b050>,,VER 9.4,11.76,8,,,,,,,,,,,,,
74,1652824,9f4a7b6852473fac35b43f05225adf15e2a4a96e,199818850,3032141acdc35ab4d482ab4a-bcc2_s2,bcc2,,,0,1.0c,voobly,,,1,16.0,144,Fortress,,False,False,,False,False,False,False,2009-04-26 00:40:46.000000,2020-03-22 17:54:17.783131,,0 days 00:37:56.460000000,True,False,False,1,3,200,0,False,150,True,True,1v1,1v1,,,,,,,,,,,<memory at 0x11e66b120>,,VER 9.4,11.76,8,,,,,,,,,,,,,
75,1652820,ce3b8d98a8f234f4abed044586fe5b3a4ad291e0,199818850,3032141acdc35ab4d482ab4a-bcc2_s2,bcc2,,,0,1.0c,voobly,,,0,29.0,120,Arena,,False,False,,False,False,False,False,2009-04-26 02:17:16.000000,2020-03-22 17:54:08.831048,,0 days 00:48:15.660000000,True,False,False,0,3,200,2,False,150,True,False,1v1,1v1,,,,,,,,,,,<memory at 0x11e66b1f0>,,VER 9.4,11.76,8,,,,,,,,,,,,,
76,1652819,12e593fb32f14b790b34e27e721fb3d1e0aafbd3,199818850,3032141acdc35ab4d482ab4a-bcc2_s2,bcc2,,,0,1.0c,voobly,,,0,29.0,120,Arena,,False,False,,False,False,False,False,2009-04-26 01:34:36.000000,2020-03-22 17:54:06.454101,,0 days 00:29:22.065000000,True,False,False,0,3,200,2,False,150,True,False,1v1,1v1,,,,,,,,,,,<memory at 0x11e66b2c0>,,VER 9.4,11.76,8,,,,,,,,,,,,,
77,1652817,64448bb6d782e76241552e67bd9d8cb8e86d4e7e,199818850,3032141acdc35ab4d482ab4a-bcc2_s2,bcc2,,,0,1.0c,voobly,,,0,9.0,120,Arabia,,False,False,,False,False,False,False,2009-04-26 01:12:12.000000,2020-03-22 17:54:02.275737,,0 days 00:41:23.955000000,True,False,False,0,3,200,0,False,150,True,True,1v1,1v1,,,,,,,,,,,<memory at 0x11e66b390>,,VER 9.4,11.76,8,,,,,,,,,,,,,
78,1652818,9b7befb440b9a0e8a339042023e7f685df3e984e,199818850,3032141acdc35ab4d482ab4a-bcc2_s2,bcc2,,,0,1.0c,voobly,,,0,9.0,120,Arabia,,False,False,,False,False,False,False,2009-04-26 00:15:32.000000,2020-03-22 17:54:04.324032,,0 days 00:30:15.795000000,True,False,False,0,3,200,0,False,150,True,True,1v1,1v1,,,,,,,,,,,<memory at 0x11e66b460>,,VER 9.4,11.76,8,,,,,,,,,,,,,
79,1652816,3d29bc7ff8b9474aae6e191e3c7194bcbb22b7ae,199818850,3032141acdc35ab4d482ab4a-bcc2_s2,bcc2,,,0,1.0c,voobly,,,1,9.0,120,Arabia,,False,False,,False,False,False,False,2009-04-26 00:44:44.000000,2020-03-22 17:54:00.646601,,0 days 00:02:51.720000000,True,False,False,0,3,200,0,False,150,True,True,1v1,1v1,,,,,,,,,,,<memory at 0x11e66b530>,,VER 9.4,11.76,8,,,,,,,,,,,,,
80,1652823,d8ca5c4d3f9e9e44482e9081d73ed52b3c73bb7f,199818850,3032141acdc35ab4d482ab4a-bcc2_s2,bcc2,,,0,1.0c,voobly,,,1,23.0,144,Team Islands,,False,False,,False,False,False,False,2009-04-26 02:27:06.000000,2020-03-22 17:54:15.550552,,0 days 00:04:46.290000000,True,False,False,0,3,200,0,False,150,True,True,1v1,1v1,,,,,,,,,,,<memory at 0x11e66b600>,,VER 9.4,11.76,8,,,,,,,,,,,,,
81,1652822,0147a86b8a0b8041b59db6da202c5d4fbef69d48,199818850,3032141acdc35ab4d482ab4a-bcc2_s2,bcc2,,,0,1.0c,voobly,,,1,23.0,144,Team Islands,,False,False,,False,False,False,False,2009-04-26 02:44:56.000000,2020-03-22 17:54:13.522896,,0 days 00:27:31.275000000,True,False,False,0,3,200,0,False,150,True,True,1v1,1v1,,,,,,,,,,,<memory at 0x11e66b6d0>,,VER 9.4,11.76,8,,,,,,,,,,,,,
82,1652821,aaa9610ff9c66436b32331e13e33e5831da1be29,199818850,3032141acdc35ab4d482ab4a-bcc2_s2,bcc2,,,0,1.0c,voobly,,,0,,120,MFO@DoubleArabia,,False,True,,False,False,False,False,2009-04-26 03:15:22.000000,2020-03-22 17:54:11.193657,,0 days 00:27:34.875000000,True,False,False,0,3,200,0,False,150,True,True,1v1,1v1,,,,,,,,,,,<memory at 0x11e66b7a0>,,VER 9.4,11.76,8,,,,,,,,,,,,,
83,1992280,832d7aceb798bb55528e76f2f641ec3e7fab4c0a,199818632,3032141acdc35ab4d482ab4a-bcc2_s1,bcc2,,,0,1.0c,,,,1,23.0,144,Team Islands,,False,False,,False,False,False,False,2020-05-03 11:53:08.212000,2020-05-09 17:16:30.341539,,0 days 00:53:29.220000000,True,False,False,0,3,200,0,False,150,True,True,1v1,1v1,,,,,,,,,,,<memory at 0x11e66b870>,,VER 9.4,11.76,8,,False,1.0,False,,,,,0.489728009259259,,,,4.0
84,1992279,cdc042173d07fa32f4ff162a678f674c660604fd,199818632,3032141acdc35ab4d482ab4a-bcc2_s1,bcc2,,,0,1.0c,,,,1,23.0,144,Team Islands,,False,False,,False,False,False,False,2020-05-03 11:53:08.212000,2020-05-09 17:16:27.711813,,0 days 00:03:05.445000000,True,False,False,0,3,200,0,False,150,True,True,1v1,1v1,,,,,,,,,,,<memory at 0x11e66b940>,,VER 9.4,11.76,8,,False,1.0,False,,,,,0.490837191358025,,,,4.0
85,1992276,7d4a6a7cb3076f13b03ed49a9cbd7dd6f497bda6,199818632,3032141acdc35ab4d482ab4a-bcc2_s1,bcc2,,,0,1.0c,,,,1,9.0,120,Arabia,,False,False,,False,False,False,False,2020-05-03 11:53:08.212000,2020-05-09 17:16:25.356538,,0 days 00:40:48.225000000,True,False,False,0,3,200,0,False,150,True,True,1v1,1v1,,,,,,,,,,,<memory at 0x11e66ba10>,,VER 9.4,11.76,8,,False,1.0,False,,,,,0.0,,,,4.0
86,1992275,0d348eebd35a2872b3c71e0383720253d885e0f0,199818632,3032141acdc35ab4d482ab4a-bcc2_s1,bcc2,,,0,1.0c,,,,1,9.0,120,Arabia,,False,False,,False,False,False,False,2020-05-03 11:53:08.212000,2020-05-09 17:16:22.036430,,0 days 00:55:38.100000000,True,False,False,0,3,200,0,False,150,True,True,1v1,1v1,,,,,,,,,,,<memory at 0x11e66bae0>,,VER 9.4,11.76,8,,False,1.0,False,,,,,0.0,,,,4.0
87,1992274,8ef321a2f40ae2d061f87a92b64d0e8f02528b11,199818632,3032141acdc35ab4d482ab4a-bcc2_s1,bcc2,,,0,1.0c,,,,1,9.0,120,Arabia,,False,False,,False,False,False,False,2020-05-03 11:53:08.212000,2020-05-09 17:16:20.250132,,0 days 00:02:58.560000000,True,False,False,0,3,200,0,False,150,True,True,1v1,1v1,,,,,,,,,,,<memory at 0x11e66bbb0>,,VER 9.4,11.76,8,,False,1.0,False,,,,,0.0,,,,4.0
88,1992271,84fcb67448cb244f3c6a2388c677bb1a7c19be23,199818631,3032141acdc35ab4d482ab4a-bcc2_s1,bcc2,,,0,1.0c,,,,0,,120,UltraRandom_v4,,False,True,,False,False,False,False,2020-05-03 11:52:53.658000,2020-05-09 17:16:17.215299,,0 days 01:10:14.250000000,True,False,False,0,3,200,0,False,150,True,True,1v1,1v1,,,,,,,,,,,<memory at 0x11e66bc80>,,VER 9.4,11.76,8,,False,1.0,False,,,,,0.0,,,,4.0
89,1992269,b46d7a757b8685e7e621b64272de868a9707a942,199818631,3032141acdc35ab4d482ab4a-bcc2_s1,bcc2,,,0,1.0c,,,,1,23.0,144,Team Islands,,False,False,,False,False,False,False,2020-05-03 11:52:53.658000,2020-05-09 17:16:14.684135,,0 days 00:37:43.410000000,True,False,False,0,3,200,0,False,150,True,True,1v1,1v1,,,,,,,,,,,<memory at 0x11e66bd50>,,VER 9.4,11.76,8,,False,1.0,False,,,,,0.489342206790123,,,,4.0
90,1992268,51d1fcd9ee1acce40c6c506227528fc758db4eef,199818631,3032141acdc35ab4d482ab4a-bcc2_s1,bcc2,,,0,1.0c,,,,1,16.0,144,Fortress,,False,False,,False,False,False,False,2020-05-03 11:52:53.658000,2020-05-09 17:16:11.692072,,0 days 00:44:02.940000000,True,False,False,1,3,200,0,False,150,True,False,1v1,1v1,,,,,,,,,,,<memory at 0x11e66be20>,,VER 9.4,11.76,8,,False,1.0,True,,,,,0.105420524691358,,,,4.0
91,1992267,21f64eb6a7ca20e781a945316aefb9f62b440a6d,199818631,3032141acdc35ab4d482ab4a-bcc2_s1,bcc2,,,0,1.0c,,,,1,,120,MFO@DoubleArabia,,False,True,,False,False,False,False,2020-05-03 11:52:53.658000,2020-05-09 17:16:08.495468,,0 days 00:39:46.800000000,True,False,False,0,3,200,0,False,150,True,False,1v1,1v1,,,,,,,,,,,<memory at 0x11e66bef0>,,VER 9.4,11.76,8,,False,2.0,False,,,,,0.0103472222222222,,,,4.0
92,1992265,7dc32df8d4aadfe13ab54fbb534f43a8448f04ac,199818631,3032141acdc35ab4d482ab4a-bcc2_s1,bcc2,,,0,1.0c,,,,0,9.0,120,Arabia,,False,False,,False,False,False,False,2020-05-03 11:52:53.658000,2020-05-09 17:16:05.986917,,0 days 00:47:48.570000000,True,False,False,0,3,200,0,False,150,True,True,1v1,1v1,,,,,,,,,,,<memory at 0x11e672050>,,VER 9.4,11.76,8,,False,1.0,False,,,,,0.0,,,,4.0
93,1992264,7b291ebb8918fb5fd4e125fa3ab99e06cb1e25b9,199818621,3032141acdc35ab4d482ab4a-bcc2_s1,bcc2,,,0,1.0c,,,,0,9.0,120,Arabia,,False,False,,False,False,False,False,2020-05-03 11:51:26.246000,2020-05-09 17:16:02.856602,,0 days 01:22:06.735000000,True,False,False,0,3,200,0,False,150,True,True,1v1,1v1,,,,,,,,,,,<memory at 0x11e672120>,,VER 9.4,11.76,8,,False,1.0,False,,,,,0.0104861111111111,,,,4.0
94,1992263,5004e12b132ec6e3092430007eab21430ce0102d,199818620,3032141acdc35ab4d482ab4a-bcc2_s1,bcc2,,,0,1.0c,,,,1,18.0,120,Highland,,False,False,,False,False,False,False,2020-05-03 11:51:38.712000,2020-05-09 17:15:59.033595,,0 days 00:45:14.265000000,True,False,False,0,3,200,0,False,150,True,True,1v1,1v1,,,,,,,,,,,<memory at 0x11e6721f0>,,VER 9.4,11.76,8,,False,1.0,False,,,,,0.0,,,,4.0
95,1992261,a06d9ef56e1a73bd8ebcfded8de32370bf56bc3d,199818620,3032141acdc35ab4d482ab4a-bcc2_s1,bcc2,,,0,1.0c,,,,0,,120,MFO@DoubleArabia,,False,True,,False,False,False,False,2020-05-03 11:51:38.712000,2020-05-09 17:15:56.891307,,0 days 00:27:23.220000000,True,False,False,0,3,200,0,False,150,True,True,1v1,1v1,,,,,,,,,,,<memory at 0x11e6722c0>,,VER 9.4,11.76,8,,False,2.0,False,,,,,0.0105555555555556,,,,4.0
96,1992260,06f4b496a4bcda705fe7d164b56bca3aba8a7428,199818620,3032141acdc35ab4d482ab4a-bcc2_s1,bcc2,,,0,1.0c,,,,1,9.0,120,Arabia,,False,False,,False,False,False,False,2020-05-03 11:51:38.712000,2020-05-09 17:15:54.768878,,0 days 00:27:28.350000000,True,False,False,0,3,200,0,False,150,True,True,1v1,1v1,,,,,,,,,,,<memory at 0x11e672390>,,VER 9.4,11.76,8,,False,1.0,False,,,,,0.0105555555555556,,,,4.0
97,1992258,67db668b7bc1c88afdf9d41400350275b60924b3,199818620,3032141acdc35ab4d482ab4a-bcc2_s1,bcc2,,,0,1.0c,,,,0,9.0,120,Arabia,,False,False,,False,False,False,False,2020-05-03 11:51:38.712000,2020-05-09 17:15:51.681455,,0 days 01:14:23.190000000,True,False,False,0,3,200,0,False,150,True,True,1v1,1v1,,,,,,,,,,,<memory at 0x11e672460>,,VER 9.4,11.76,8,,False,1.0,False,,,,,0.0101388888888889,,,,4.0
98,1838421,1ccf17af3afb76bd9a95ee49c4982329f788400d,199818619,3032141acdc35ab4d482ab4a-bcc2_s1,bcc2,,,0,1.0c,igz,,,1,16.0,144,Fortress,,False,False,,False,False,False,False,2009-03-08 01:15:28.000000,2020-04-17 23:22:05.425396,,0 days 00:40:26.220000000,True,False,False,1,3,200,0,False,150,True,False,1v1,1v1,,,,,,,,,,,<memory at 0x11e672530>,,VER 9.4,11.76,8,,False,1.0,True,,,,,0.104214891975309,,,,4.0
99,1838420,bea9cbc407cbbcbdba6abe585f363f5d6efa6a41,199818619,3032141acdc35ab4d482ab4a-bcc2_s1,bcc2,,,0,1.0c,igz,,,1,9.0,120,Arabia,,False,False,,False,False,False,False,2009-03-08 00:22:04.000000,2020-04-17 23:22:02.644009,,0 days 00:33:12.240000000,True,False,False,0,3,200,0,False,150,True,True,1v1,1v1,,,,,,,,,,,<memory at 0x11e672600>,,VER 9.4,11.76,8,,False,1.0,False,,,,,0.0,,,,4.0
100,1838419,ce758f1bdb25cb86cc9f7eda69c1fc0730005e26,199818619,3032141acdc35ab4d482ab4a-bcc2_s1,bcc2,,,0,1.0c,igz,,,1,9.0,120,Arabia,,False,False,,False,False,False,False,2009-03-08 00:46:46.000000,2020-04-17 23:22:00.330705,,0 days 00:36:47.475000000,True,False,False,0,3,200,0,False,150,True,True,1v1,1v1,,,,,,,,,,,<memory at 0x11e6726d0>,,VER 9.4,11.76,8,,False,1.0,False,,,,,0.0,,,,4.0
101,1958372,36905a6f9497fb6414457899f43732a033a87558,199818618,3032141acdc35ab4d482ab4a-bcc2_s1,bcc2,,,0,1.0c,igz,,,1,29.0,120,Arena,,False,False,,False,False,False,False,2009-04-14 19:36:28.000000,2020-05-04 12:35:16.011658,,0 days 00:49:54.750000000,True,False,False,0,3,200,2,False,150,True,False,1v1,1v1,,,,,,,,,,,<memory at 0x11e6727a0>,,VER 9.4,11.76,8,,False,1.0,True,,,,,0.0,,,,4.0
102,1958371,deb6e2f677417827d251caf29635bb8365b8f6e5,199818618,3032141acdc35ab4d482ab4a-bcc2_s1,bcc2,,,0,1.0c,igz,,,1,29.0,120,Arena,,False,False,,False,False,False,False,2009-04-14 18:55:38.000000,2020-05-04 12:35:10.891183,,0 days 00:49:40.620000000,True,False,False,0,3,200,2,False,150,True,False,1v1,1v1,,,,,,,,,,,<memory at 0x11e672870>,,VER 9.4,11.76,8,,False,1.0,True,,,,,0.0,,,,4.0
103,1958370,4d65f6f6f5f279c505a4c8a5dc64f3ce726e8fcf,199818618,3032141acdc35ab4d482ab4a-bcc2_s1,bcc2,,,0,1.0c,igz,,,1,9.0,120,Arabia,,False,False,,False,False,False,False,2009-04-14 18:23:02.000000,2020-05-04 12:35:06.702229,,0 days 00:44:34.845000000,True,False,False,0,3,200,0,False,150,True,True,1v1,1v1,,,,,,,,,,,<memory at 0x11e672940>,,VER 9.4,11.76,8,,False,1.0,False,,,,,0.0,,,,4.0
104,1958369,533a77d66589f5c657c96b44da92212a9850e910,199818618,3032141acdc35ab4d482ab4a-bcc2_s1,bcc2,,,0,1.0c,igz,,,1,9.0,120,Arabia,,False,False,,False,False,False,False,2009-04-14 17:13:54.000000,2020-05-04 12:35:03.872223,,0 days 00:28:19.155000000,True,False,False,0,3,200,0,False,150,True,True,1v1,1v1,,,,,,,,,,,<memory at 0x11e672a10>,,VER 9.4,11.76,8,,False,1.0,False,,,,,0.0103472222222222,,,,4.0
105,1958368,5dadbd19ffc9ada248b28b51dfa9ad8000f2d094,199818618,3032141acdc35ab4d482ab4a-bcc2_s1,bcc2,,,0,1.0c,igz,,,0,9.0,120,Arabia,,False,False,,False,False,False,False,2009-04-14 17:20:12.000000,2020-05-04 12:35:01.073828,,0 days 00:04:26.310000000,True,False,False,0,3,200,0,False,150,True,True,1v1,1v1,,,,,,,,,,,<memory at 0x11e672ae0>,,VER 9.4,11.76,8,,False,1.0,False,,,,,0.0102777777777778,,,,4.0
106,1958367,cc2d406cc70c60b4a57dffb91ff8c0d157c46572,199818618,3032141acdc35ab4d482ab4a-bcc2_s1,bcc2,,,0,1.0c,igz,,,1,9.0,120,Arabia,,False,False,,False,False,False,False,2009-04-14 17:48:28.000000,2020-05-04 12:34:57.978584,,0 days 00:37:33.645000000,True,False,False,0,3,200,0,False,150,True,True,1v1,1v1,,,,,,,,,,,<memory at 0x11e672bb0>,,VER 9.4,11.76,8,,False,1.0,False,,,,,0.01,,,,4.0
107,1958366,1526eecb37479531bbf0eb1039da1bffa74446d7,199818618,3032141acdc35ab4d482ab4a-bcc2_s1,bcc2,,,0,1.0c,igz,,,0,23.0,144,Team Islands,,False,False,,False,False,False,False,2009-04-14 20:15:00.000000,2020-05-04 12:34:53.510257,,0 days 00:21:31.500000000,True,False,False,0,3,200,0,False,150,True,True,1v1,1v1,,,,,,,,,,,<memory at 0x11e672c80>,,VER 9.4,11.76,8,,False,1.0,False,,,,,0.486593364197531,,,,4.0
108,1958365,097c7cec8f0ad1ca36e4322cb903b127859d0dfb,199818618,3032141acdc35ab4d482ab4a-bcc2_s1,bcc2,,,0,1.0c,igz,,,0,,120,MFO@DoubleArabia,,False,True,,False,False,False,False,2009-04-14 20:32:18.000000,2020-05-04 12:34:48.450807,,0 days 00:19:50.475000000,True,False,False,0,3,200,0,False,150,True,True,1v1,1v1,,,,,,,,,,,<memory at 0x11e672d50>,,VER 9.4,11.76,8,,False,2.0,False,,,,,0.0103472222222222,,,,4.0
109,1992253,5bfc085f83aca25619cc6c1daad3d7703f422bfb,199818617,3032141acdc35ab4d482ab4a-bcc2_s1,bcc2,,,0,1.0c,,,,0,9.0,120,Arabia,,False,False,,False,False,False,False,2020-05-03 11:51:03.543000,2020-05-09 17:15:30.896277,,0 days 00:49:09.885000000,True,False,False,0,3,200,0,False,150,True,True,1v1,1v1,,,,,,,,,,,<memory at 0x11e672e20>,,VER 9.4,11.76,8,,False,1.0,False,,,,,0.0,,,,4.0
110,1992252,eb321728eb3bfd751ebe9e4fa579fdb71584fe4c,199818617,3032141acdc35ab4d482ab4a-bcc2_s1,bcc2,,,0,1.0c,,,,0,,120,UltraRandom_v4,,False,True,,False,False,False,False,2020-05-03 11:51:03.543000,2020-05-09 17:15:28.869829,,0 days 00:26:43.665000000,True,False,False,0,3,200,0,False,150,True,True,1v1,1v1,,,,,,,,,,,<memory at 0x11e672ef0>,,VER 9.4,11.76,8,,False,1.0,False,,,,,0.0757638888888889,,,,4.0
111,1992251,443e9e9ad6080bdb6147ed22ea5ba5c3377f261b,199818617,3032141acdc35ab4d482ab4a-bcc2_s1,bcc2,,,0,1.0c,,,,1,16.0,144,Fortress,,False,False,,False,False,False,False,2020-05-03 11:51:03.543000,2020-05-09 17:15:26.266990,,0 days 00:53:00.015000000,True,False,False,1,3,200,0,False,150,True,True,1v1,1v1,,,,,,,,,,,<memory at 0x11e677050>,,VER 9.4,11.76,8,,False,1.0,True,,,,,0.105661651234568,,,,4.0
112,1992248,3183950e1ee8da19fbad48c92f637225558c012d,199818617,3032141acdc35ab4d482ab4a-bcc2_s1,bcc2,,,0,1.0c,,,,1,,120,MFO@DoubleArabia,,False,True,,False,False,False,False,2020-05-03 11:51:03.543000,2020-05-09 17:15:22.920793,,0 days 00:39:49.770000000,True,False,False,0,3,200,0,False,150,True,True,1v1,1v1,,,,,,,,,,,<memory at 0x11e677120>,,VER 9.4,11.76,8,,False,2.0,False,,,,,0.0109722222222222,,,,4.0
113,1992246,d3271c49e2875dcda54eb1712d0139f27aaccc86,199818617,3032141acdc35ab4d482ab4a-bcc2_s1,bcc2,,,0,1.0c,,,,1,9.0,120,Arabia,,False,False,,False,False,False,False,2020-05-03 11:51:03.543000,2020-05-09 17:15:20.531563,,0 days 00:24:12.960000000,True,False,False,0,3,200,0,False,150,True,True,1v1,1v1,,,,,,,,,,,<memory at 0x11e6771f0>,,VER 9.4,11.76,8,,False,1.0,False,,,,,0.0,,,,4.0
114,1838418,2b24b3d487b26c3c44a0eac86679752e34cb49d3,199818613,3032141acdc35ab4d482ab4a-bcc2_s1,bcc2,,,0,1.0c,igz,,,1,16.0,144,Fortress,,False,False,,False,False,False,False,2009-02-28 22:10:18.000000,2020-04-17 23:21:54.113923,,0 days 00:44:39.615000000,True,False,False,1,3,200,0,False,150,True,False,1v1,1v1,,,,,,,,,,,<memory at 0x11e6772c0>,,VER 9.4,11.76,8,,False,1.0,True,,,,,0.117525077160494,,,,4.0
115,1838417,1a0187ebe6dab45fbedfec0c9a35736336411054,199818613,3032141acdc35ab4d482ab4a-bcc2_s1,bcc2,,,0,1.0c,igz,,,1,9.0,120,Arabia,,False,False,,False,False,False,False,2009-02-28 21:17:44.000000,2020-04-17 23:21:51.362659,,0 days 00:35:33.765000000,True,False,False,0,3,200,0,False,150,True,True,1v1,1v1,,,,,,,,,,,<memory at 0x11e677390>,,VER 9.4,11.76,8,,False,1.0,False,,,,,0.0,,,,4.0
116,1838416,282333816b1ba377de8c9fea19374a58e3ee6f35,199818613,3032141acdc35ab4d482ab4a-bcc2_s1,bcc2,,,0,1.0c,igz,,,1,9.0,120,Arabia,,False,False,,False,False,False,False,2009-02-28 21:40:12.000000,2020-04-17 23:21:49.246719,,0 days 00:31:49.575000000,True,False,False,0,3,200,0,False,150,True,True,1v1,1v1,,,,,,,,,,,<memory at 0x11e677460>,,VER 9.4,11.76,8,,False,1.0,False,,,,,0.0,,,,4.0
117,1992245,991e1c8ae20b582dfd517ce4ea8f73ef6e970634,199818609,3032141acdc35ab4d482ab4a-bcc2_s1,bcc2,,,0,1.0c,,,,0,,120,MFO@DoubleArabia,,False,True,,False,False,False,False,2020-05-03 11:50:08.904000,2020-05-09 17:15:14.167603,,0 days 00:53:50.010000000,True,False,False,0,3,200,0,False,150,True,False,1v1,1v1,,,,,,,,,,,<memory at 0x11e677530>,,VER 9.4,11.76,8,,False,2.0,False,,,,,0.0104166666666667,,,,4.0
118,1992242,90d978007c5a9b697f9f7539ca865b0da1356a63,199818609,3032141acdc35ab4d482ab4a-bcc2_s1,bcc2,,,0,1.0c,,,,0,9.0,120,Arabia,,False,False,,False,False,False,False,2020-05-03 11:50:08.904000,2020-05-09 17:15:11.588605,,0 days 00:34:25.275000000,True,False,False,0,3,200,0,False,150,True,True,1v1,1v1,,,,,,,,,,,<memory at 0x11e677600>,,VER 9.4,11.76,8,,False,1.0,False,,,,,0.0102083333333333,,,,4.0
119,1992241,9f1bbcc588979513e44ec7ebdef7235d6b711cd7,199818609,3032141acdc35ab4d482ab4a-bcc2_s1,bcc2,,,0,1.0c,,,,1,9.0,120,Arabia,,False,False,,False,False,False,False,2020-05-03 11:50:08.904000,2020-05-09 17:15:08.668427,,0 days 01:03:19.080000000,True,False,False,0,3,200,0,False,150,True,True,1v1,1v1,,,,,,,,,,,<memory at 0x11e6776d0>,,VER 9.4,11.76,8,,False,1.0,False,,,,,0.0101388888888889,,,,4.0
120,1992239,57d5c67ca10ca9c85ecc2587e2d5d31ecf24f34e,199818609,3032141acdc35ab4d482ab4a-bcc2_s1,bcc2,,,0,1.0c,,,,1,,120,UltraRandom_v4,,False,True,,False,False,False,False,2020-05-03 11:50:08.904000,2020-05-09 17:15:05.400662,,0 days 01:02:20.400000000,True,False,False,0,3,200,0,False,150,True,True,1v1,1v1,,,,,,,,,,,<memory at 0x11e6777a0>,,VER 9.4,11.76,8,,False,1.0,False,,,,,0.24625,,,,4.0
121,1992237,47907d33d126932ebdb1c30c512e696e4249f064,199818609,3032141acdc35ab4d482ab4a-bcc2_s1,bcc2,,,0,1.0c,,,,0,16.0,144,Fortress,,False,False,,False,False,False,False,2020-05-03 11:50:08.904000,2020-05-09 17:15:02.063503,,0 days 00:30:29.025000000,True,False,False,1,3,200,0,False,150,True,True,1v1,1v1,,,,,,,,,,,<memory at 0x11e677870>,,VER 9.4,11.76,8,,False,1.0,True,,,,,0.115981867283951,,,,4.0
