,id,series_id,tournament_id,event_id,version,minor_version,dataset_id,dataset_version,platform_id,ladder_id,rated,winning_team_id,builtin_map_id,map_size_id,map_name,event_map_id,rms_custom,rms_seed,fixed_positions,played,platform_match_id,duration,completed,postgame,type_id,difficulty_id,population_limit,map_reveal_choice_id,cheats,speed_id,mirror,diplomacy_type,team_size,starting_resources_id,starting_age_id,victory_condition_id,all_technologies,version_id,multiqueue,treaty_length,build,version_id,starting_palisades,starting_town_centers,starting_walls,state_reader_interval,state_reader_version,platform_metadata,water_percent,server
0,1130042,,,,userpatch 1.5,11.76,1,5.8.1,voobly,131,True,1,9,120,Arabia,,False,1239148265,False,2019-11-19 00:11:31.530086,20942028,0 days 00:32:37.000000000,True,True,0,2,200,0,False,178,False,1v1,1v1,0,0,1,False,20,,,,20,,,,,,,,
1,1131142,,,,userpatch 1.5,11.76,1,5.8.1,voobly,131,True,0,9,120,Arabia,,False,-1995857969,False,2019-11-19 06:06:15.757758,20943341,0 days 00:28:02.000000000,True,True,0,3,200,0,False,178,True,1v1,1v1,0,0,1,False,20,,,,20,,,,,,,,
2,1131144,,,,userpatch 1.5,11.76,1,5.8.1,voobly,131,True,0,9,120,Arabia,,False,-1034645090,False,2019-11-19 06:02:16.562395,20943328,0 days 00:45:46.000000000,True,True,0,3,200,0,False,178,False,1v1,1v1,0,0,1,False,20,,,,20,,,,,,,,
3,1133063,,,,userpatch 1.5,11.76,1,5.8.1,voobly,131,True,1,9,120,Arabia,,False,76901168,False,2019-11-19 21:24:22.423179,20945686,0 days 00:27:59.000000000,True,True,0,3,200,0,False,178,False,1v1,1v1,0,0,1,False,20,,,,20,,,,,,,,
4,1131454,,,,userpatch 1.5,11.76,1,5.8.1,voobly,131,True,1,9,120,Arabia,,False,602206002,False,2019-11-19 10:20:08.918523,20943707,0 days 00:55:40.000000000,True,True,0,3,200,0,False,178,True,1v1,1v1,0,0,1,False,20,,,,20,,,,,,,,
5,1131391,,,,userpatch 1.5,11.76,1,5.8.1,voobly,131,True,0,9,120,Arabia,,False,-1203962819,False,2019-11-19 09:20:09.935639,20943640,0 days 00:29:31.000000000,True,True,0,3,200,0,False,178,True,1v1,1v1,0,0,1,False,20,,,,20,,,,,,,,
6,1131384,,,,userpatch 1.5,11.76,1,5.8.1,voobly,131,True,0,9,120,Arabia,,False,-1985782546,False,2019-11-19 09:39:08.090106,20943662,0 days 00:27:28.000000000,True,True,0,3,200,0,False,178,True,1v1,1v1,0,0,1,False,20,,,,20,,,,,,,,
7,1131324,,,,userpatch 1.5,11.76,1,5.8.1,voobly,131,True,0,9,120,Arabia,,False,441922417,False,2019-11-19 08:14:14.084945,20943557,0 days 01:01:53.000000000,True,True,0,3,200,0,False,178,True,1v1,1v1,0,0,1,False,20,,,,20,,,,,,,,
8,1131244,,,,userpatch 1.5,11.76,1,5.8.1,voobly,131,True,0,9,120,Arabia,,False,-1377944413,False,2019-11-19 07:00:13.415004,20943443,0 days 00:24:16.000000000,True,True,0,3,200,0,False,178,True,1v1,1v1,0,0,1,False,20,,,,20,,,,,,,,
9,1131143,,,,userpatch 1.5,11.76,1,5.8.1,voobly,131,True,1,9,120,Arabia,,False,-1636976663,False,2019-11-19 06:02:16.325736,20943329,0 days 00:47:46.000000000,True,True,0,3,200,0,False,178,True,1v1,1v1,0,0,1,False,20,,,,20,,,,,,,,
10,1131116,,,,userpatch 1.5,11.76,1,5.8.1,voobly,131,True,0,9,120,Arabia,,False,397832411,False,2019-11-19 06:39:08.946812,20943414,0 days 00:57:58.000000000,True,True,0,3,200,0,False,178,True,1v1,1v1,0,0,1,False,20,,,,20,,,,,,,,
11,1129836,,,,userpatch 1.5,11.76,1,5.8.1,voobly,131,True,0,9,120,Arabia,,False,-90408851,False,2019-11-19 00:00:00.000000,20941699,0 days 00:29:43.000000000,True,True,0,3,200,0,False,178,False,1v1,1v1,0,0,1,False,20,,,,20,,,,,,,,
12,1129969,,,,userpatch 1.5,11.76,1,5.8.1,voobly,131,True,0,9,120,Arabia,,False,1965860619,False,2019-11-19 00:58:11.173326,20942231,0 days 00:35:42.000000000,True,True,0,1,200,0,False,178,False,1v1,1v1,0,0,1,False,20,,,,20,,,,,,,,
13,1129997,,,,userpatch 1.5,11.76,1,5.8.1,voobly,131,True,1,9,120,Arabia,,False,-42665749,False,2019-11-19 00:39:19.331371,20942151,0 days 00:40:17.000000000,True,True,0,3,200,0,False,178,False,1v1,1v1,0,0,1,False,20,,,,20,,,,,,,,
14,1130005,,,,userpatch 1.5,11.76,1,5.8.1,voobly,131,True,1,9,120,Arabia,,False,-192318742,False,2019-11-19 00:33:21.665797,20942131,0 days 00:42:35.000000000,True,True,0,3,200,0,False,178,False,1v1,1v1,0,0,1,False,20,,,,20,,,,,,,,
15,1130008,,,,userpatch 1.5,11.76,1,5.8.1,voobly,131,True,1,9,120,Arabia,,False,-1564578893,False,2019-11-19 00:32:22.502098,20942118,0 days 01:01:27.000000000,True,True,0,3,200,0,False,178,False,1v1,1v1,0,0,1,False,20,,,,20,,,,,,,,
16,1130021,,,,userpatch 1.5,11.76,1,5.8.1,voobly,131,True,1,9,120,Arabia,,False,-1250460490,False,2019-11-19 00:24:25.947023,20942090,0 days 00:46:47.000000000,True,True,0,0,200,0,False,178,False,1v1,1v1,0,2,1,False,20,,,,20,,,,,,,,
17,1130032,,,,userpatch 1.5,11.76,1,5.8.1,voobly,131,True,0,9,120,Arabia,,False,1222133893,False,2019-11-19 00:17:28.751597,20942057,0 days 00:53:07.000000000,True,True,0,3,200,0,False,178,False,1v1,1v1,0,0,1,False,20,,,,20,,,,,,,,
18,1130036,,,,userpatch 1.5,11.76,1,5.8.1,voobly,131,True,1,9,120,Arabia,,False,-481423928,False,2019-11-19 00:15:29.681738,20942044,0 days 00:50:19.000000000,True,True,0,1,200,0,False,178,False,1v1,1v1,0,0,1,False,20,,,,20,,,,,,,,
19,1129978,,,,userpatch 1.5,11.76,1,5.8.1,voobly,131,True,1,9,120,Arabia,,False,-1851175937,False,2019-11-19 00:51:13.845876,20942196,0 days 00:12:22.000000000,True,True,0,3,200,0,False,178,False,1v1,1v1,0,0,1,False,20,,,,20,,,,,,,,
20,1129984,,,,userpatch 1.5,11.76,1,5.8.1,voobly,131,True,1,9,120,Arabia,,False,1210115559,False,2019-11-19 00:48:15.553012,20942182,0 days 00:36:25.000000000,True,True,0,0,200,0,False,178,False,1v1,1v1,0,2,1,False,20,,,,20,,,,,,,,
21,1129991,,,,userpatch 1.5,11.76,1,5.8.1,voobly,131,True,0,9,120,Arabia,,False,-1466644187,False,2019-11-19 00:45:17.748726,20942168,0 days 01:01:01.000000000,True,True,0,3,200,0,False,178,False,1v1,1v1,0,0,1,False,20,,,,20,,,,,,,,
22,1130009,,,,userpatch 1.5,11.76,1,5.8.1,voobly,131,True,1,9,120,Arabia,,False,379530024,False,2019-11-19 00:32:22.740801,20942117,0 days 00:34:16.000000000,True,True,0,3,200,0,False,178,False,1v1,1v1,0,0,1,False,20,,,,20,,,,,,,,
23,1130017,,,,userpatch 1.5,11.76,1,5.8.1,voobly,131,True,1,9,120,Arabia,,False,-722937076,False,2019-11-19 00:27:24.748940,20942101,0 days 00:58:17.000000000,True,True,0,3,200,0,False,178,False,1v1,1v1,0,0,1,False,20,,,,20,,,,,,,,
24,1131515,,,,userpatch 1.5,11.76,1,5.8.1,voobly,131,True,0,9,120,Arabia,,False,-376072679,False,2019-11-19 11:54:06.411602,20943848,0 days 00:52:00.000000000,True,True,0,3,200,0,False,178,False,1v1,1v1,0,0,1,False,20,,,,20,,,,,,,,
25,1131517,,,,userpatch 1.5,11.76,1,5.8.1,voobly,131,True,0,9,120,Arabia,,False,315722944,False,2019-11-19 11:52:06.994822,20943846,0 days 00:52:47.000000000,True,True,0,3,200,0,False,178,False,1v1,1v1,0,0,1,False,20,,,,20,,,,,,,,
26,1131521,,,,userpatch 1.5,11.76,1,5.8.1,voobly,131,True,0,9,120,Arabia,,False,410160333,False,2019-11-19 11:45:08.130908,20943835,0 days 00:28:55.000000000,True,True,0,3,200,0,False,178,False,1v1,1v1,0,0,1,False,20,,,,20,,,,,,,,
27,1131534,,,,userpatch 1.5,11.76,1,5.8.1,voobly,131,True,1,9,120,Arabia,,False,11191073,False,2019-11-19 11:27:12.057595,20943799,0 days 00:46:04.000000000,True,True,0,3,200,0,False,178,False,1v1,1v1,0,0,1,False,20,,,,20,,,,,,,,
28,1131544,,,,userpatch 1.5,11.76,1,5.8.1,voobly,131,True,1,9,120,Arabia,,False,-815761717,False,2019-11-19 11:16:15.272355,20943782,0 days 00:27:32.000000000,True,True,0,3,200,0,False,178,False,1v1,1v1,0,0,1,False,20,,,,20,,,,,,,,
29,1131630,,,,userpatch 1.5,11.76,1,5.8.1,voobly,131,True,1,9,120,Arabia,,False,1424881541,False,2019-11-19 12:25:13.155872,20943893,0 days 00:51:29.000000000,True,True,0,3,200,0,False,178,False,1v1,1v1,0,0,1,False,20,,,,20,,,,,,,,
30,1131633,,,,userpatch 1.5,11.76,1,5.8.1,voobly,131,True,1,9,120,Arabia,,False,1727065472,False,2019-11-19 12:16:13.923333,20943883,0 days 00:25:47.000000000,True,True,0,3,200,0,False,178,False,1v1,1v1,0,0,1,False,20,,,,20,,,,,,,,
31,1131636,,,,userpatch 1.5,11.76,1,5.8.1,voobly,131,True,0,9,120,Arabia,,False,-951317925,False,2019-11-19 12:12:14.742232,20943878,0 days 00:26:07.000000000,True,True,0,3,200,0,False,178,False,1v1,1v1,0,0,1,False,20,,,,20,,,,,,,,
32,1131638,,,,userpatch 1.5,11.76,1,5.8.1,voobly,131,True,1,9,120,Arabia,,False,-1648229214,False,2019-11-19 12:11:15.264002,20943875,0 days 00:40:40.000000000,True,True,0,3,200,0,False,178,False,1v1,1v1,0,0,1,False,20,,,,20,,,,,,,,
33,1131712,,,,userpatch 1.5,11.76,1,5.8.1,voobly,131,True,0,9,120,Arabia,,False,905711270,False,2019-11-19 13:55:06.379011,20944071,0 days 00:28:51.000000000,True,True,0,3,200,0,False,178,False,1v1,1v1,0,0,1,False,20,,,,20,,,,,,,,
34,1131720,,,,userpatch 1.5,11.76,1,5.8.1,voobly,131,True,1,9,120,Arabia,,False,301440272,False,2019-11-19 13:44:09.123285,20944050,0 days 01:05:57.000000000,True,True,0,3,200,0,False,178,False,1v1,1v1,0,0,1,False,20,,,,20,,,,,,,,
35,1131722,,,,userpatch 1.5,11.76,1,5.8.1,voobly,131,True,0,9,120,Arabia,,False,299537549,False,2019-11-19 13:42:09.744211,20944045,0 days 00:24:57.000000000,True,True,0,3,200,0,False,178,False,1v1,1v1,0,0,1,False,20,,,,20,,,,,,,,
36,1131724,,,,userpatch 1.5,11.76,1,5.8.1,voobly,131,True,1,9,120,Arabia,,False,-1990878805,False,2019-11-19 13:36:10.241544,20944037,0 days 00:50:27.000000000,True,True,0,3,200,0,False,178,False,1v1,1v1,0,0,1,False,20,,,,20,,,,,,,,
37,1131754,,,,userpatch 1.5,11.76,1,5.8.1,voobly,131,True,0,9,120,Arabia,,False,-1894545310,False,2019-11-19 13:01:18.532072,20943970,0 days 00:57:40.000000000,True,True,0,3,200,0,False,178,False,1v1,1v1,0,0,1,False,20,,,,20,,,,,,,,
38,1131730,,,,userpatch 1.5,11.76,1,5.8.1,voobly,131,True,0,9,120,Arabia,,False,-526955144,False,2019-11-19 13:30:11.777113,20944023,0 days 01:00:46.000000000,True,True,0,3,200,0,False,178,False,1v1,1v1,0,0,1,False,20,,,,20,,,,,,,,
39,1131746,,,,userpatch 1.5,11.76,1,5.8.1,voobly,131,True,0,9,120,Arabia,,False,1751503289,False,2019-11-19 13:11:16.374218,20943986,0 days 01:14:10.000000000,True,True,0,3,200,0,False,178,False,1v1,1v1,0,0,1,False,20,,,,20,,,,,,,,
40,1131816,,,,userpatch 1.5,11.76,1,5.8.1,voobly,131,True,0,9,120,Arabia,,False,1582233480,False,2019-11-19 14:57:06.006474,20944208,0 days 00:29:44.000000000,True,True,0,3,200,0,False,178,False,1v1,1v1,0,0,1,False,20,,,,20,,,,,,,,
41,1131824,,,,userpatch 1.5,11.76,1,5.8.1,voobly,131,True,0,9,120,Arabia,,False,-1662213293,False,2019-11-19 14:52:09.323037,20944192,0 days 00:46:19.000000000,True,True,0,3,200,0,False,178,False,1v1,1v1,0,0,1,False,20,,,,20,,,,,,,,
42,1131836,,,,userpatch 1.5,11.76,1,5.8.1,voobly,131,True,1,9,120,Arabia,,False,1057289421,False,2019-11-19 14:41:13.573027,20944166,0 days 00:42:12.000000000,True,True,0,3,200,0,False,178,False,1v1,1v1,0,0,1,False,20,,,,20,,,,,,,,
43,1131845,,,,userpatch 1.5,11.76,1,5.8.1,voobly,131,True,1,9,120,Arabia,,False,-1048332023,False,2019-11-19 14:31:15.986356,20944137,0 days 00:34:55.000000000,True,True,0,3,200,0,False,178,False,1v1,1v1,0,0,1,False,20,,,,20,,,,,,,,
44,1131863,,,,userpatch 1.5,11.76,1,5.8.1,voobly,131,True,1,9,120,Arabia,,False,2096879765,False,2019-11-19 14:03:20.096262,20944086,0 days 00:51:14.000000000,True,True,0,3,200,0,False,178,False,1v1,1v1,0,0,1,False,20,,,,20,,,,,,,,
45,1131852,,,,userpatch 1.5,11.76,1,5.8.1,voobly,131,True,0,9,120,Arabia,,False,-2059292376,False,2019-11-19 14:21:17.592663,20944123,0 days 00:52:39.000000000,True,True,0,3,200,0,False,178,False,1v1,1v1,0,0,1,False,20,,,,20,,,,,,,,
46,1131864,,,,userpatch 1.5,11.76,1,5.8.1,voobly,131,True,1,9,120,Arabia,,False,-817004714,False,2019-11-19 14:01:20.282615,20944084,0 days 00:27:43.000000000,True,True,0,3,200,0,False,178,False,1v1,1v1,0,0,1,False,20,,,,20,,,,,,,,
47,1131943,,,,userpatch 1.5,11.76,1,5.8.1,voobly,131,True,1,9,120,Arabia,,False,724582080,False,2019-11-19 15:52:08.631485,20944379,0 days 00:37:25.000000000,True,True,0,3,200,0,False,178,False,1v1,1v1,0,0,1,False,20,,,,20,,,,,,,,
48,1131955,,,,userpatch 1.5,11.76,1,5.8.1,voobly,131,True,0,9,120,Arabia,,False,-725792435,False,2019-11-19 15:40:12.027818,20944349,0 days 00:53:09.000000000,True,True,0,3,200,0,False,178,False,1v1,1v1,0,0,1,False,20,,,,20,,,,,,,,
49,1131956,,,,userpatch 1.5,11.76,1,5.8.1,voobly,131,True,0,9,120,Arabia,,False,602572565,False,2019-11-19 15:40:12.276651,20944348,0 days 00:50:46.000000000,True,True,0,3,200,0,False,178,False,1v1,1v1,0,0,1,False,20,,,,20,,,,,,,,
50,1131959,,,,userpatch 1.5,11.76,1,5.8.1,voobly,131,True,1,9,120,Arabia,,False,1015434779,False,2019-11-19 15:35:13.650519,20944327,0 days 00:17:25.000000000,True,True,0,3,200,0,False,178,False,1v1,1v1,0,0,1,False,20,,,,20,,,,,,,,
51,1131975,,,,userpatch 1.5,11.76,1,5.8.1,voobly,131,True,0,9,120,Arabia,,False,-269425046,False,2019-11-19 15:23:17.596977,20944277,0 days 00:34:06.000000000,True,True,0,3,200,0,False,178,False,1v1,1v1,0,0,1,False,20,,,,20,,,,,,,,
52,1131997,,,,userpatch 1.5,11.76,1,5.8.1,voobly,131,True,0,9,120,Arabia,,False,-379366564,False,2019-11-19 15:04:23.130882,20944229,0 days 00:07:53.000000000,True,True,0,3,200,0,False,178,False,1v1,1v1,0,0,1,False,20,,,,20,,,,,,,,
53,1131948,,,,userpatch 1.5,11.76,1,5.8.1,voobly,131,True,0,9,120,Arabia,,False,-809744879,False,2019-11-19 15:44:09.971093,20944359,0 days 00:51:03.000000000,True,True,0,3,200,0,False,178,False,1v1,1v1,0,0,1,False,20,,,,20,,,,,,,,
54,1131954,,,,userpatch 1.5,11.76,1,5.8.1,voobly,131,True,1,9,120,Arabia,,False,-1615086214,False,2019-11-19 15:40:11.784129,20944350,0 days 00:23:28.000000000,True,True,0,3,200,0,False,178,False,1v1,1v1,0,0,1,False,20,,,,20,,,,,,,,
55,1131971,,,,userpatch 1.5,11.76,1,5.8.1,voobly,131,True,1,9,120,Arabia,,False,-1705647110,False,2019-11-19 15:27:16.579054,20944291,0 days 00:42:29.000000000,True,True,0,3,200,0,False,178,False,1v1,1v1,0,0,1,False,20,,,,20,,,,,,,,
56,1131973,,,,userpatch 1.5,11.76,1,5.8.1,voobly,131,True,1,9,120,Arabia,,False,897804664,False,2019-11-19 15:26:17.062027,20944289,0 days 00:02:41.000000000,True,True,0,3,200,0,False,178,False,1v1,1v1,0,0,1,False,20,,,,20,,,,,,,,
57,1131976,,,,userpatch 1.5,11.76,1,5.8.1,voobly,131,True,1,9,120,Arabia,,False,-1167711137,False,2019-11-19 15:23:17.851886,20944276,0 days 00:48:38.000000000,True,True,0,3,200,0,False,178,False,1v1,1v1,0,0,1,False,20,,,,20,,,,,,,,
58,1131979,,,,userpatch 1.5,11.76,1,5.8.1,voobly,131,True,0,9,120,Arabia,,False,1320374481,False,2019-11-19 15:21:18.558238,20944271,0 days 00:20:04.000000000,True,True,0,3,200,0,False,178,False,1v1,1v1,0,0,1,False,20,,,,20,,,,,,,,
59,1131981,,,,userpatch 1.5,11.76,1,5.8.1,voobly,131,True,1,9,120,Arabia,,False,-1889368165,False,2019-11-19 15:21:19.006899,20944268,0 days 00:29:36.000000000,True,True,0,0,200,0,False,178,False,1v1,1v1,0,0,1,False,20,,,,20,,,,,,,,
60,1131989,,,,userpatch 1.5,11.76,1,5.8.1,voobly,131,True,1,9,120,Arabia,,False,-2094180994,False,2019-11-19 15:11:20.844641,20944246,0 days 00:38:11.000000000,True,True,0,3,200,0,False,178,False,1v1,1v1,0,0,1,False,20,,,,20,,,,,,,,
61,1131991,,,,userpatch 1.5,11.76,1,5.8.1,voobly,131,True,1,9,120,Arabia,,False,888550639,False,2019-11-19 15:07:21.510487,20944238,0 days 00:04:37.000000000,True,True,0,3,200,0,False,178,False,1v1,1v1,0,0,1,False,20,,,,20,,,,,,,,
62,1132092,,,,userpatch 1.5,11.76,1,5.8.1,voobly,131,True,1,9,120,Arabia,,False,-2059975981,False,2019-11-19 16:58:05.899583,20944592,0 days 00:20:35.000000000,True,True,0,3,200,0,False,178,False,1v1,1v1,0,0,1,False,20,,,,20,,,,,,,,
63,1132093,,,,userpatch 1.5,11.76,1,5.8.1,voobly,131,True,0,9,120,Arabia,,False,1583611413,False,2019-11-19 16:57:06.323877,20944588,0 days 00:54:17.000000000,True,True,0,3,200,0,False,178,False,1v1,1v1,0,0,1,False,20,,,,20,,,,,,,,
64,1132095,,,,userpatch 1.5,11.76,1,5.8.1,voobly,131,True,0,9,120,Arabia,,False,173393224,False,2019-11-19 16:55:08.564337,20944582,0 days 00:13:13.000000000,True,True,0,3,200,0,False,178,False,1v1,1v1,0,0,1,False,20,,,,20,,,,,,,,
65,1132098,,,,userpatch 1.5,11.76,1,5.8.1,voobly,131,True,0,9,120,Arabia,,False,-270667785,False,2019-11-19 16:53:09.569011,20944575,0 days 00:48:03.000000000,True,True,0,3,200,0,False,178,False,1v1,1v1,0,0,1,False,20,,,,20,,,,,,,,
66,1132105,,,,userpatch 1.5,11.76,1,5.8.1,voobly,131,True,0,9,120,Arabia,,False,-1415589528,False,2019-11-19 16:44:11.946642,20944547,0 days 00:08:23.000000000,True,True,0,3,200,0,False,178,False,1v1,1v1,0,0,1,False,20,,,,20,,,,,,,,
67,1132106,,,,userpatch 1.5,11.76,1,5.8.1,voobly,131,True,0,9,120,Arabia,,False,-1728604422,False,2019-11-19 16:43:12.222472,20944543,0 days 00:25:24.000000000,True,True,0,3,200,0,False,178,False,1v1,1v1,0,0,1,False,20,,,,20,,,,,,,,
68,1132107,,,,userpatch 1.5,11.76,1,5.8.1,voobly,131,True,1,9,120,Arabia,,False,1774039821,False,2019-11-19 16:41:12.465442,20944538,0 days 00:37:37.000000000,True,True,0,3,200,0,False,178,False,1v1,1v1,0,0,1,False,20,,,,20,,,,,,,,
69,1132112,,,,userpatch 1.5,11.76,1,5.8.1,voobly,131,True,1,9,120,Arabia,,False,1676179013,False,2019-11-19 16:38:14.371126,20944528,0 days 00:30:30.000000000,True,True,0,3,200,0,False,178,False,1v1,1v1,0,0,1,False,20,,,,20,,,,,,,,
70,1132115,,,,userpatch 1.5,11.76,1,5.8.1,voobly,131,True,0,9,120,Arabia,,False,-82305859,False,2019-11-19 16:37:15.228000,20944519,0 days 00:26:43.000000000,True,True,0,3,200,0,False,178,True,1v1,1v1,0,0,1,False,20,,,,20,,,,,,,,
71,1132116,,,,userpatch 1.5,11.76,1,5.8.1,voobly,131,True,1,9,120,Arabia,,False,-376072679,False,2019-11-19 16:36:15.526910,20944515,0 days 00:14:43.000000000,True,True,0,3,200,0,False,178,False,1v1,1v1,0,0,1,False,20,,,,20,,,,,,,,
72,1132130,,,,userpatch 1.5,11.76,1,5.8.1,voobly,131,True,0,9,120,Arabia,,False,1583611413,False,2019-11-19 16:21:19.834286,20944470,0 days 00:22:25.000000000,True,True,0,3,200,0,False,178,False,1v1,1v1,0,0,1,False,20,,,,20,,,,,,,,
73,1132132,,,,userpatch 1.5,11.76,1,5.8.1,voobly,131,True,1,9,120,Arabia,,False,-1930968753,False,2019-11-19 16:19:20.359860,20944464,0 days 00:22:01.000000000,True,True,0,3,200,0,False,178,True,1v1,1v1,0,0,1,False,20,,,,20,,,,,,,,
74,1132144,,,,userpatch 1.5,11.76,1,5.8.1,voobly,131,True,0,9,120,Arabia,,False,917180559,False,2019-11-19 16:12:23.800300,20944434,0 days 00:07:46.000000000,True,True,0,3,200,0,False,178,False,1v1,1v1,0,0,1,False,20,,,,20,,,,,,,,
75,1132154,,,,userpatch 1.5,11.76,1,5.8.1,voobly,131,True,0,9,120,Arabia,,False,-1521030347,False,2019-11-19 16:02:27.007246,20944403,0 days 00:25:32.000000000,True,True,0,3,200,0,False,178,False,1v1,1v1,0,0,1,False,20,,,,20,,,,,,,,
76,1132156,,,,userpatch 1.5,11.76,1,5.8.1,voobly,131,True,1,9,120,Arabia,,False,1368001438,False,2019-11-19 16:02:27.468567,20944401,0 days 00:41:37.000000000,True,True,0,3,200,0,False,178,False,1v1,1v1,0,0,1,False,20,,,,20,,,,,,,,
77,1132129,,,,userpatch 1.5,11.76,1,5.8.1,voobly,131,True,1,9,120,Arabia,,False,-167375241,False,2019-11-19 16:21:19.538890,20944471,0 days 00:15:57.000000000,True,True,0,3,200,0,False,178,False,1v1,1v1,0,0,1,False,20,,,,20,,,,,,,,
78,1132146,,,,userpatch 1.5,11.76,1,5.8.1,voobly,131,True,1,9,120,Arabia,,False,1215657894,False,2019-11-19 16:07:24.519164,20944418,0 days 00:50:43.000000000,True,True,0,2,200,0,False,178,False,1v1,1v1,0,0,1,False,20,,,,20,,,,,,,,
79,1132151,,,,userpatch 1.5,11.76,1,5.8.1,voobly,131,True,1,9,120,Arabia,,False,-141819264,False,2019-11-19 16:04:26.165884,20944408,0 days 00:35:02.000000000,True,True,0,3,200,0,False,178,False,1v1,1v1,0,0,1,False,20,,,,20,,,,,,,,
80,1132260,,,,userpatch 1.5,11.76,1,5.8.1,voobly,131,True,0,9,120,Arabia,,False,809018809,False,2019-11-19 17:57:06.876259,20944816,0 days 01:02:32.000000000,True,True,0,4,200,0,False,178,False,1v1,1v1,0,0,1,False,20,,,,20,,,,,,,,
81,1132262,,,,userpatch 1.5,11.76,1,5.8.1,voobly,131,True,0,9,120,Arabia,,False,425449278,False,2019-11-19 17:56:07.589155,20944813,0 days 00:36:19.000000000,True,True,0,0,200,0,False,178,False,1v1,1v1,0,0,1,False,20,,,,20,,,,,,,,
82,1132263,,,,userpatch 1.5,11.76,1,5.8.1,voobly,131,True,1,9,120,Arabia,,False,-442162398,False,2019-11-19 17:55:08.089873,20944809,0 days 00:58:40.000000000,True,True,0,3,200,0,False,178,False,1v1,1v1,0,0,1,False,20,,,,20,,,,,,,,
83,1132273,,,,userpatch 1.5,11.76,1,5.8.1,voobly,131,True,0,9,120,Arabia,,False,-19586169,False,2019-11-19 17:47:10.698517,20944779,0 days 00:45:20.000000000,True,True,0,3,200,0,False,178,False,1v1,1v1,0,0,1,False,20,,,,20,,,,,,,,
84,1132279,,,,userpatch 1.5,11.76,1,5.8.1,voobly,131,True,0,9,120,Arabia,,False,-911722085,False,2019-11-19 17:44:12.754245,20944766,0 days 00:38:27.000000000,True,True,0,3,200,0,False,178,True,1v1,1v1,0,0,1,False,20,,,,20,,,,,,,,
85,1132304,,,,userpatch 1.5,11.76,1,5.8.1,voobly,131,True,1,9,120,Arabia,,False,683348019,False,2019-11-19 17:24:19.776171,20944693,0 days 00:14:34.000000000,True,True,0,3,200,0,False,178,False,1v1,1v1,0,0,1,False,20,,,,20,,,,,,,,
86,1132314,,,,userpatch 1.5,11.76,1,5.8.1,voobly,131,True,0,9,120,Arabia,,False,-1241963985,False,2019-11-19 17:14:23.508533,20944654,0 days 00:51:04.000000000,True,True,0,3,200,0,False,178,False,1v1,1v1,0,0,1,False,20,,,,20,,,,,,,,
87,1132328,,,,userpatch 1.5,11.76,1,5.8.1,voobly,131,True,0,9,120,Arabia,,False,-356651026,False,2019-11-19 17:07:27.414172,20944619,0 days 00:36:19.000000000,True,True,0,3,200,0,False,178,False,1v1,1v1,0,0,1,False,20,,,,20,,,,,,,,
88,1132332,,,,userpatch 1.5,11.76,1,5.8.1,voobly,131,True,1,9,120,Arabia,,False,1465984372,False,2019-11-19 17:05:28.699522,20944612,0 days 00:13:24.000000000,True,True,0,3,200,0,False,178,False,1v1,1v1,0,0,1,False,20,,,,20,,,,,,,,
89,1132282,,,,userpatch 1.5,11.76,1,5.8.1,voobly,131,True,0,9,120,Arabia,,False,-731809385,False,2019-11-19 17:42:13.373166,20944754,0 days 00:30:43.000000000,True,True,0,3,200,0,False,178,False,1v1,1v1,0,0,1,False,20,,,,20,,,,,,,,
90,1132287,,,,userpatch 1.5,11.76,1,5.8.1,voobly,131,True,1,9,120,Arabia,,False,-1113346748,False,2019-11-19 17:36:14.656783,20944735,0 days 00:05:09.000000000,True,True,0,3,200,0,False,178,False,1v1,1v1,0,0,1,False,20,,,,20,,,,,,,,
91,1132288,,,,userpatch 1.5,11.76,1,5.8.1,voobly,131,True,1,9,120,Arabia,,False,405703337,False,2019-11-19 17:36:14.972700,20944734,0 days 00:21:25.000000000,True,True,0,3,200,0,False,178,False,1v1,1v1,0,0,1,False,20,,,,20,,,,,,,,
92,1132297,,,,userpatch 1.5,11.76,1,5.8.1,voobly,131,True,1,9,120,Arabia,,False,-1782280787,False,2019-11-19 17:30:17.632631,20944714,0 days 00:07:23.000000000,True,True,0,3,200,0,False,178,False,1v1,1v1,0,0,1,False,20,,,,20,,,,,,,,
93,1132298,,,,userpatch 1.5,11.76,1,5.8.1,voobly,131,True,1,9,120,Arabia,,False,1907382302,False,2019-11-19 17:29:17.917936,20944712,0 days 00:25:08.000000000,True,True,0,3,200,0,False,178,False,1v1,1v1,0,0,1,False,20,,,,20,,,,,,,,
94,1132299,,,,userpatch 1.5,11.76,1,5.8.1,voobly,131,True,0,9,120,Arabia,,False,-1810164965,False,2019-11-19 17:28:18.212172,20944707,0 days 00:27:55.000000000,True,True,0,3,200,0,False,178,False,1v1,1v1,0,0,1,False,20,,,,20,,,,,,,,
95,1132309,,,,userpatch 1.5,11.76,1,5.8.1,voobly,131,True,1,9,120,Arabia,,False,-1796980101,False,2019-11-19 17:16:21.397209,20944668,0 days 00:45:09.000000000,True,True,0,4,200,0,False,178,False,1v1,1v1,0,0,1,False,20,,,,20,,,,,,,,
96,1132311,,,,userpatch 1.5,11.76,1,5.8.1,voobly,131,True,1,9,120,Arabia,,False,1853372950,False,2019-11-19 17:15:21.992147,20944662,0 days 00:58:51.000000000,True,True,0,3,200,0,False,178,False,1v1,1v1,0,0,1,False,20,,,,20,,,,,,,,
97,1132319,,,,userpatch 1.5,11.76,1,5.8.1,voobly,131,True,1,9,120,Arabia,,False,105413102,False,2019-11-19 17:13:24.620479,20944648,0 days 00:03:49.000000000,True,True,0,3,200,0,False,178,True,1v1,1v1,0,0,1,False,20,,,,20,,,,,,,,
98,1132321,,,,userpatch 1.5,11.76,1,5.8.1,voobly,131,True,1,9,120,Arabia,,False,-445610019,False,2019-11-19 17:12:25.055985,20944642,0 days 00:26:36.000000000,True,True,0,3,200,0,False,178,False,1v1,1v1,0,0,1,False,20,,,,20,,,,,,,,
99,1132437,,,,userpatch 1.5,11.76,1,5.8.1,voobly,131,True,1,9,120,Arabia,,False,1521315651,False,2019-11-19 18:57:07.987839,20945081,0 days 00:30:08.000000000,True,True,0,4,200,0,False,178,False,1v1,1v1,0,0,1,False,20,,,,20,,,,,,,,
100,1132444,,,,userpatch 1.5,11.76,1,5.8.1,voobly,131,True,0,9,120,Arabia,,False,1298796641,False,2019-11-19 18:52:10.582293,20945056,0 days 01:11:23.000000000,True,True,0,3,200,0,False,178,False,1v1,1v1,0,0,1,False,20,,,,20,,,,,,,,
101,1132450,,,,userpatch 1.5,11.76,1,5.8.1,voobly,131,True,0,9,120,Arabia,,False,-988235234,False,2019-11-19 18:50:12.531624,20945047,0 days 00:37:15.000000000,True,True,0,3,200,0,False,178,True,1v1,1v1,0,0,1,False,20,,,,20,,,,,,,,
102,1132453,,,,userpatch 1.5,11.76,1,5.8.1,voobly,131,True,0,9,120,Arabia,,False,-1351230074,False,2019-11-19 18:48:13.349048,20945042,0 days 00:37:50.000000000,True,True,0,3,200,0,False,178,False,1v1,1v1,0,0,1,False,20,,,,20,,,,,,,,
103,1132457,,,,userpatch 1.5,11.76,1,5.8.1,voobly,131,True,1,9,120,Arabia,,False,1172650997,False,2019-11-19 18:46:14.365405,20945026,0 days 00:33:45.000000000,True,True,0,3,200,0,False,178,False,1v1,1v1,0,0,1,False,20,,,,20,,,,,,,,
104,1132458,,,,userpatch 1.5,11.76,1,5.8.1,voobly,131,True,0,9,120,Arabia,,False,2004254569,False,2019-11-19 18:46:14.592604,20945025,0 days 00:49:13.000000000,True,True,0,3,200,0,False,178,False,1v1,1v1,0,0,1,False,20,,,,20,,,,,,,,
105,1132460,,,,userpatch 1.5,11.76,1,5.8.1,voobly,131,True,1,9,120,Arabia,,False,-1807774045,False,2019-11-19 18:45:15.089352,20945023,0 days 00:47:04.000000000,True,True,0,3,200,0,False,178,False,1v1,1v1,0,0,1,False,20,,,,20,,,,,,,,
106,1132462,,,,userpatch 1.5,11.76,1,5.8.1,voobly,131,True,0,9,120,Arabia,,False,282546886,False,2019-11-19 18:40:17.767112,20945004,0 days 01:03:01.000000000,True,True,0,3,200,0,False,178,False,1v1,1v1,0,0,1,False,20,,,,20,,,,,,,,
107,1132468,,,,userpatch 1.5,11.76,1,5.8.1,voobly,131,True,1,9,120,Arabia,,False,1121460108,False,2019-11-19 18:37:19.601232,20944986,0 days 00:26:47.000000000,True,True,0,3,200,0,False,178,False,1v1,1v1,0,0,1,False,20,,,,20,,,,,,,,
108,1132495,,,,userpatch 1.5,11.76,1,5.8.1,voobly,131,True,0,9,120,Arabia,,False,-1987466895,False,2019-11-19 18:19:26.798620,20944904,0 days 00:58:57.000000000,True,True,0,3,200,0,False,178,False,1v1,1v1,0,0,1,False,20,,,,20,,,,,,,,
109,1132498,,,,userpatch 1.5,11.76,1,5.8.1,voobly,131,True,1,9,120,Arabia,,False,1776820556,False,2019-11-19 18:17:27.568257,20944898,0 days 01:11:26.000000000,True,True,0,3,200,0,False,178,False,1v1,1v1,0,0,1,False,20,,,,20,,,,,,,,
110,1132515,,,,userpatch 1.5,11.76,1,5.8.1,voobly,131,True,0,9,120,Arabia,,False,-1454680173,False,2019-11-19 18:06:32.764625,20944855,0 days 00:52:55.000000000,True,True,0,3,200,0,False,178,True,1v1,1v1,0,0,1,False,20,,,,20,,,,,,,,
111,1132461,,,,userpatch 1.5,11.76,1,5.8.1,voobly,131,True,0,9,120,Arabia,,False,-513661359,False,2019-11-19 18:45:15.292329,20945022,0 days 01:09:48.000000000,True,True,0,3,200,0,False,178,False,1v1,1v1,0,0,1,False,20,,,,20,,,,,,,,
112,1132464,,,,userpatch 1.5,11.76,1,5.8.1,voobly,131,True,0,9,120,Arabia,,False,579973797,False,2019-11-19 18:38:18.543246,20944997,0 days 00:29:19.000000000,True,True,0,3,200,0,False,178,False,1v1,1v1,0,0,1,False,20,,,,20,,,,,,,,
113,1132465,,,,userpatch 1.5,11.76,1,5.8.1,voobly,131,True,0,9,120,Arabia,,False,420067709,False,2019-11-19 18:37:18.775909,20944990,0 days 00:48:59.000000000,True,True,0,3,200,0,False,178,False,1v1,1v1,0,0,1,False,20,,,,20,,,,,,,,
114,1132471,,,,userpatch 1.5,11.76,1,5.8.1,voobly,131,True,1,9,120,Arabia,,False,-143436832,False,2019-11-19 18:33:20.492795,20944971,0 days 00:30:08.000000000,True,True,0,3,200,0,False,178,False,1v1,1v1,0,0,1,False,20,,,,20,,,,,,,,
115,1132479,,,,userpatch 1.5,11.76,1,5.8.1,voobly,131,True,0,9,120,Arabia,,False,1982316358,False,2019-11-19 18:28:22.560621,20944948,0 days 01:03:37.000000000,True,True,0,3,200,0,False,178,False,1v1,1v1,0,0,1,False,20,,,,20,,,,,,,,
116,1132480,,,,userpatch 1.5,11.76,1,5.8.1,voobly,131,True,0,9,120,Arabia,,False,-1345227136,False,2019-11-19 18:28:22.871914,20944947,0 days 00:10:40.000000000,True,True,0,3,200,0,False,178,False,1v1,1v1,0,0,1,False,20,,,,20,,,,,,,,
117,1132481,,,,userpatch 1.5,11.76,1,5.8.1,voobly,131,True,1,9,120,Arabia,,False,345006347,False,2019-11-19 18:28:23.051039,20944946,0 days 00:43:00.000000000,True,True,0,3,200,0,False,178,False,1v1,1v1,0,0,0,False,20,,,,20,,,,,,,,
118,1132486,,,,userpatch 1.5,11.76,1,5.8.1,voobly,131,True,0,9,120,Arabia,,False,427826150,False,2019-11-19 18:23:24.267094,20944925,0 days 00:39:54.000000000,True,True,0,3,200,0,False,178,False,1v1,1v1,0,0,1,False,20,,,,20,,,,,,,,
119,1132488,,,,userpatch 1.5,11.76,1,5.8.1,voobly,131,True,1,9,120,Arabia,,False,-1352718311,False,2019-11-19 18:22:24.884293,20944923,0 days 00:55:38.000000000,True,True,0,3,200,0,False,178,False,1v1,1v1,0,0,1,False,20,,,,20,,,,,,,,
120,1132493,,,,userpatch 1.5,11.76,1,5.8.1,voobly,131,True,0,9,120,Arabia,,False,-1782353489,False,2019-11-19 18:20:26.200519,20944908,0 days 00:38:40.000000000,True,True,0,3,200,0,False,178,False,1v1,1v1,0,0,1,False,20,,,,20,,,,,,,,
121,1132504,,,,userpatch 1.5,11.76,1,5.8.1,voobly,131,True,1,9,120,Arabia,,False,820210017,False,2019-11-19 18:13:29.292991,20944879,0 days 00:28:11.000000000,True,True,0,3,200,0,False,178,False,1v1,1v1,0,0,1,False,20,,,,20,,,,,,,,
122,1132509,,,,userpatch 1.5,11.76,1,5.8.1,voobly,131,True,1,9,120,Arabia,,False,-1439612889,False,2019-11-19 18:10:31.137354,20944869,0 days 00:32:54.000000000,True,True,0,3,200,0,False,178,True,1v1,1v1,0,0,1,False,20,,,,20,,,,,,,,
123,1132523,,,,userpatch 1.5,11.76,1,5.8.1,voobly,131,True,1,9,120,Arabia,,False,-2131498548,False,2019-11-19 18:00:35.344878,20944832,0 days 00:42:32.000000000,True,True,0,3,200,0,False,178,True,1v1,1v1,0,0,1,False,20,,,,20,,,,,,,,
124,1132634,,,,userpatch 1.5,11.76,1,5.8.1,voobly,131,True,0,9,120,Arabia,,False,-1756630736,False,2019-11-19 19:55:10.203424,20945331,0 days 01:02:58.000000000,True,True,0,3,200,0,False,178,False,1v1,1v1,0,0,1,False,20,,,,20,,,,,,,,
125,1132635,,,,userpatch 1.5,11.76,1,5.8.1,voobly,131,True,1,9,120,Arabia,,False,233363343,False,2019-11-19 19:55:10.514379,20945329,0 days 00:58:23.000000000,True,True,0,3,200,0,False,178,False,1v1,1v1,0,0,0,False,20,,,,20,,,,,,,,
126,1132645,,,,userpatch 1.5,11.76,1,5.8.1,voobly,131,True,1,9,120,Arabia,,False,-903183539,False,2019-11-19 19:46:13.503960,20945286,0 days 00:52:32.000000000,True,True,0,4,200,0,False,178,False,1v1,1v1,0,0,1,False,20,,,,20,,,,,,,,
127,1132649,,,,userpatch 1.5,11.76,1,5.8.1,voobly,131,True,1,9,120,Arabia,,False,2051184700,False,2019-11-19 19:44:14.538714,20945279,0 days 01:16:06.000000000,True,True,0,4,200,0,False,178,False,1v1,1v1,0,0,1,False,20,,,,20,,,,,,,,
128,1132656,,,,userpatch 1.5,11.76,1,5.8.1,voobly,131,True,1,9,120,Arabia,,False,-1384971392,False,2019-11-19 19:37:16.296558,20945254,0 days 00:51:57.000000000,True,True,0,3,200,0,False,178,False,1v1,1v1,0,0,1,False,20,,,,20,,,,,,,,
129,1132665,,,,userpatch 1.5,11.76,1,5.8.1,voobly,131,True,0,9,120,Arabia,,False,-930548147,False,2019-11-19 19:33:18.597433,20945234,0 days 01:05:06.000000000,True,True,0,3,200,0,False,178,False,1v1,1v1,0,0,1,False,20,,,,20,,,,,,,,
130,1132632,,,,userpatch 1.5,11.76,1,5.8.1,voobly,131,True,0,9,120,Arabia,,False,-2127852680,False,2019-11-19 19:57:09.429568,20945336,0 days 01:28:39.000000000,True,True,0,3,200,0,False,178,False,1v1,1v1,0,0,1,False,20,,,,20,,,,,,,,
131,1132650,,,,userpatch 1.5,11.76,1,5.8.1,voobly,131,True,0,9,120,Arabia,,False,-1982484715,False,2019-11-19 19:42:14.784248,20945271,0 days 00:27:23.000000000,True,True,0,3,200,0,False,178,False,1v1,1v1,0,0,1,False,20,,,,20,,,,,,,,
132,1132653,,,,userpatch 1.5,11.76,1,5.8.1,voobly,131,True,0,9,120,Arabia,,False,-730918480,False,2019-11-19 19:39:15.565212,20945263,0 days 00:19:19.000000000,True,True,0,3,200,0,False,178,False,1v1,1v1,0,0,1,False,20,,,,20,,,,,,,,
133,1132661,,,,userpatch 1.5,11.76,1,5.8.1,voobly,131,True,1,9,120,Arabia,,False,-1620449913,False,2019-11-19 19:35:17.495226,20945244,0 days 00:38:10.000000000,True,True,0,3,200,0,False,178,False,1v1,1v1,0,0,1,False,20,,,,20,,,,,,,,
134,1132664,,,,userpatch 1.5,11.76,1,5.8.1,voobly,131,True,0,9,120,Arabia,,False,1703112209,False,2019-11-19 19:34:18.311050,20945236,0 days 01:03:38.000000000,True,True,0,3,200,0,False,178,True,1v1,1v1,0,0,1,False,20,,,,20,,,,,,,,
135,1132669,,,,userpatch 1.5,11.76,1,5.8.1,voobly,131,True,1,9,120,Arabia,,False,-1335463082,False,2019-11-19 19:31:19.472659,20945226,0 days 00:50:34.000000000,True,True,0,3,200,0,False,178,False,1v1,1v1,0,0,1,False,20,,,,20,,,,,,,,
136,1132684,,,,userpatch 1.5,11.76,1,5.8.1,voobly,131,True,0,9,120,Arabia,,False,-1050703405,False,2019-11-19 19:20:23.102941,20945182,0 days 00:20:07.000000000,True,True,0,3,200,0,False,178,False,1v1,1v1,0,0,1,False,20,,,,20,,,,,,,,
137,1132691,,,,userpatch 1.5,11.76,1,5.8.1,voobly,131,True,0,9,120,Arabia,,False,-159815255,False,2019-11-19 19:15:25.140274,20945164,0 days 00:51:16.000000000,True,True,0,3,200,0,False,178,False,1v1,1v1,0,0,1,False,20,,,,20,,,,,,,,
138,1132701,,,,userpatch 1.5,11.76,1,5.8.1,voobly,131,True,0,9,120,Arabia,,False,274271327,False,2019-11-19 19:09:27.922814,20945135,0 days 00:57:02.000000000,True,True,0,3,200,0,False,178,False,1v1,1v1,0,0,0,False,20,,,,20,,,,,,,,
139,1132685,,,,userpatch 1.5,11.76,1,5.8.1,voobly,131,True,1,9,120,Arabia,,False,614551703,False,2019-11-19 19:19:23.400796,20945180,0 days 00:52:37.000000000,True,True,0,1,200,0,False,178,False,1v1,1v1,0,0,1,False,20,,,,20,,,,,,,,
140,1132708,,,,userpatch 1.5,11.76,1,5.8.1,voobly,131,True,1,9,120,Arabia,,False,-967859145,False,2019-11-19 19:04:29.831992,20945112,0 days 00:10:23.000000000,True,True,0,3,200,0,False,178,False,1v1,1v1,0,0,1,False,20,,,,20,,,,,,,,
141,1132709,,,,userpatch 1.5,11.76,1,5.8.1,voobly,131,True,1,9,120,Arabia,,False,1783233056,False,2019-11-19 19:03:30.062133,20945108,0 days 00:29:17.000000000,True,True,0,3,200,0,False,178,False,1v1,1v1,0,0,1,False,20,,,,20,,,,,,,,
142,1132828,,,,userpatch 1.5,11.76,1,5.8.1,voobly,131,True,1,9,120,Arabia,,False,790979406,False,2019-11-19 20:58:07.937206,20945576,0 days 00:54:36.000000000,True,True,0,3,200,0,False,178,False,1v1,1v1,0,0,1,False,20,,,,20,,,,,,,,
143,1132842,,,,userpatch 1.5,11.76,1,5.8.1,voobly,131,True,0,9,120,Arabia,,False,1942610374,False,2019-11-19 20:46:12.099681,20945528,0 days 00:47:58.000000000,True,True,0,3,200,0,False,178,False,1v1,1v1,0,0,1,False,20,,,,20,,,,,,,,
144,1132843,,,,userpatch 1.5,11.76,1,5.8.1,voobly,131,True,0,9,120,Arabia,,False,-1930537622,False,2019-11-19 20:44:12.306843,20945525,0 days 00:21:58.000000000,True,True,0,3,200,0,False,178,False,1v1,1v1,0,0,0,False,20,,,,20,,,,,,,,
145,1132862,,,,userpatch 1.5,11.76,1,5.8.1,voobly,131,True,0,9,120,Arabia,,False,-1837026808,False,2019-11-19 20:28:16.981089,20945450,0 days 00:16:20.000000000,True,True,0,4,200,0,False,178,False,1v1,1v1,0,0,1,False,20,,,,20,,,,,,,,
146,1132867,,,,userpatch 1.5,11.76,1,5.8.1,voobly,131,True,1,9,120,Arabia,,False,573905315,False,2019-11-19 20:23:18.136085,20945432,0 days 00:28:38.000000000,True,True,0,3,200,0,False,178,False,1v1,1v1,0,0,1,False,20,,,,20,,,,,,,,
147,1132875,,,,userpatch 1.5,11.76,1,5.8.1,voobly,131,True,0,9,120,Arabia,,False,-1315760001,False,2019-11-19 20:18:19.832641,20945411,0 days 00:49:25.000000000,True,True,0,3,200,0,False,178,False,1v1,1v1,0,0,1,False,20,,,,20,,,,,,,,
148,1132879,,,,userpatch 1.5,11.76,1,5.8.1,voobly,131,True,0,9,120,Arabia,,False,1529804689,False,2019-11-19 20:16:20.831884,20945404,0 days 00:10:24.000000000,True,True,0,4,200,0,False,178,False,1v1,1v1,0,0,1,False,20,,,,20,,,,,,,,
149,1132837,,,,userpatch 1.5,11.76,1,5.8.1,voobly,131,True,0,9,120,Arabia,,False,-482804173,False,2019-11-19 20:49:10.637710,20945540,0 days 00:31:22.000000000,True,True,0,4,200,0,False,178,False,1v1,1v1,0,0,1,False,20,,,,20,,,,,,,,
150,1132847,,,,userpatch 1.5,11.76,1,5.8.1,voobly,131,True,1,9,120,Arabia,,False,-654308221,False,2019-11-19 20:40:13.110346,20945503,0 days 00:44:55.000000000,True,True,0,3,200,0,False,178,False,1v1,1v1,0,0,1,False,20,,,,20,,,,,,,,
151,1132848,,,,userpatch 1.5,11.76,1,5.8.1,voobly,131,True,1,9,120,Arabia,,False,-160367220,False,2019-11-19 20:40:13.364645,20945502,0 days 00:57:14.000000000,True,True,0,3,200,0,False,178,False,1v1,1v1,0,0,1,False,20,,,,20,,,,,,,,
152,1132850,,,,userpatch 1.5,11.76,1,5.8.1,voobly,131,True,1,9,120,Arabia,,False,-317811442,False,2019-11-19 20:38:13.856027,20945496,0 days 00:26:13.000000000,True,True,0,3,200,0,False,178,True,1v1,1v1,0,0,1,False,20,,,,20,,,,,,,,
153,1132851,,,,userpatch 1.5,11.76,1,5.8.1,voobly,131,True,0,9,120,Arabia,,False,160135674,False,2019-11-19 20:38:14.067605,20945495,0 days 00:59:53.000000000,True,True,0,3,200,0,False,178,False,1v1,1v1,0,0,1,False,20,,,,20,,,,,,,,
154,1132864,,,,userpatch 1.5,11.76,1,5.8.1,voobly,131,True,0,9,120,Arabia,,False,420067709,False,2019-11-19 20:25:17.474319,20945440,0 days 00:46:22.000000000,True,True,0,3,200,0,False,178,False,1v1,1v1,0,0,0,False,20,,,,20,,,,,,,,
155,1132869,,,,userpatch 1.5,11.76,1,5.8.1,voobly,131,True,0,9,120,Arabia,,False,-1609201002,False,2019-11-19 20:22:18.519119,20945426,0 days 00:37:29.000000000,True,True,0,3,200,0,False,178,False,1v1,1v1,0,0,1,False,20,,,,20,,,,,,,,
156,1132887,,,,userpatch 1.5,11.76,1,5.8.1,voobly,131,True,0,9,120,Arabia,,False,-1722218571,False,2019-11-19 20:08:22.615395,20945381,0 days 00:36:53.000000000,True,True,0,4,200,0,False,178,False,1v1,1v1,0,0,1,False,20,,,,20,,,,,,,,
157,1132893,,,,userpatch 1.5,11.76,1,5.8.1,voobly,131,True,0,9,120,Arabia,,False,-1782280787,False,2019-11-19 20:03:23.877710,20945363,0 days 00:38:59.000000000,True,True,0,3,200,0,False,178,False,1v1,1v1,0,0,0,False,20,,,,20,,,,,,,,
158,1132883,,,,userpatch 1.5,11.76,1,5.8.1,voobly,131,True,1,9,120,Arabia,,False,-1241588179,False,2019-11-19 20:10:21.714292,20945387,0 days 00:37:18.000000000,True,True,0,3,200,0,False,178,True,1v1,1v1,0,0,1,False,20,,,,20,,,,,,,,
159,1132899,,,,userpatch 1.5,11.76,1,5.8.1,voobly,131,True,0,9,120,Arabia,,False,1017857926,False,2019-11-19 20:00:25.337908,20945355,0 days 00:16:36.000000000,True,True,0,3,200,0,False,178,False,1v1,1v1,0,0,1,False,20,,,,20,,,,,,,,
160,1133009,,,,userpatch 1.5,11.76,1,5.8.1,voobly,131,True,1,9,120,Arabia,,False,2053506436,False,2019-11-19 21:58:06.694043,20945842,0 days 00:52:53.000000000,True,True,0,3,200,0,False,178,False,1v1,1v1,0,0,1,False,20,,,,20,,,,,,,,
161,1133012,,,,userpatch 1.5,11.76,1,5.8.1,voobly,131,True,1,9,120,Arabia,,False,-195352041,False,2019-11-19 21:55:07.797121,20945827,0 days 00:13:42.000000000,True,True,0,4,200,0,False,178,False,1v1,1v1,0,0,1,False,20,,,,20,,,,,,,,
162,1133016,,,,userpatch 1.5,11.76,1,5.8.1,voobly,131,True,1,9,120,Arabia,,False,-1814469118,False,2019-11-19 21:53:08.913893,20945820,0 days 01:05:54.000000000,True,True,0,3,200,0,False,178,False,1v1,1v1,0,0,1,False,20,,,,20,,,,,,,,
163,1133028,,,,userpatch 1.5,11.76,1,5.8.1,voobly,131,True,0,9,120,Arabia,,False,-1914042620,False,2019-11-19 21:46:12.455056,20945794,0 days 00:48:27.000000000,True,True,0,3,200,0,False,178,False,1v1,1v1,0,0,1,False,20,,,,20,,,,,,,,
164,1133030,,,,userpatch 1.5,11.76,1,5.8.1,voobly,131,True,0,9,120,Arabia,,False,-471544087,False,2019-11-19 21:44:13.216325,20945789,0 days 01:00:12.000000000,True,True,0,3,200,0,False,178,False,1v1,1v1,0,0,1,False,20,,,,20,,,,,,,,
165,1133029,,,,userpatch 1.5,11.76,1,5.8.1,voobly,131,True,0,9,120,Arabia,,False,1250070759,False,2019-11-19 21:45:12.951023,20945790,0 days 00:33:23.000000000,True,True,0,4,200,0,False,178,False,1v1,1v1,0,0,1,False,20,,,,20,,,,,,,,
166,1133033,,,,userpatch 1.5,11.76,1,5.8.1,voobly,131,True,1,9,120,Arabia,,False,-1892215334,False,2019-11-19 21:42:13.997936,20945775,0 days 00:49:10.000000000,True,True,0,3,200,0,False,178,True,1v1,1v1,0,0,1,False,20,,,,20,,,,,,,,
167,1133040,,,,userpatch 1.5,11.76,1,5.8.1,voobly,131,True,1,9,120,Arabia,,False,1337393855,False,2019-11-19 21:38:15.849185,20945753,0 days 00:43:26.000000000,True,True,0,2,200,0,False,178,False,1v1,1v1,0,0,1,False,20,,,,20,,,,,,,,
168,1133048,,,,userpatch 1.5,11.76,1,5.8.1,voobly,131,True,0,9,120,Arabia,,False,-1785273362,False,2019-11-19 21:33:18.280667,20945726,0 days 00:28:38.000000000,True,True,0,3,200,0,False,178,False,1v1,1v1,0,0,1,False,20,,,,20,,,,,,,,
169,1133052,,,,userpatch 1.5,11.76,1,5.8.1,voobly,131,True,0,9,120,Arabia,,False,-1020907509,False,2019-11-19 21:31:19.067030,20945721,0 days 00:40:32.000000000,True,True,0,3,200,0,False,178,False,1v1,1v1,0,0,1,False,20,,,,20,,,,,,,,
170,1133060,,,,userpatch 1.5,11.76,1,5.8.1,voobly,131,True,1,9,120,Arabia,,False,230826512,False,2019-11-19 21:24:21.572598,20945689,0 days 00:38:23.000000000,True,True,0,4,200,0,False,178,False,1v1,1v1,0,0,1,False,20,,,,20,,,,,,,,
171,1133065,,,,userpatch 1.5,11.76,1,5.8.1,voobly,131,True,0,9,120,Arabia,,False,483201634,False,2019-11-19 21:22:22.931359,20945682,0 days 00:53:22.000000000,True,True,0,3,200,0,False,178,False,1v1,1v1,0,0,1,False,20,,,,20,,,,,,,,
172,1133072,,,,userpatch 1.5,11.76,1,5.8.1,voobly,131,True,1,9,120,Arabia,,False,-1793113739,False,2019-11-19 21:18:24.981171,20945668,0 days 00:30:18.000000000,True,True,0,3,200,0,False,178,False,1v1,1v1,0,0,1,False,20,,,,20,,,,,,,,
173,1133088,,,,userpatch 1.5,11.76,1,5.8.1,voobly,131,True,1,9,120,Arabia,,False,-925692885,False,2019-11-19 21:05:29.299139,20945608,0 days 00:25:09.000000000,True,True,0,3,200,0,False,178,False,1v1,1v1,0,0,1,False,20,,,,20,,,,,,,,
174,1133036,,,,userpatch 1.5,11.76,1,5.8.1,voobly,131,True,0,9,120,Arabia,,False,1941341720,False,2019-11-19 21:40:14.872170,20945761,0 days 00:21:57.000000000,True,True,0,3,200,0,False,178,False,1v1,1v1,0,0,1,False,20,,,,20,,,,,,,,
175,1133045,,,,userpatch 1.5,11.76,1,5.8.1,voobly,131,True,1,9,120,Arabia,,False,-1555235688,False,2019-11-19 21:35:17.331792,20945738,0 days 00:39:37.000000000,True,True,0,2,200,0,False,178,False,1v1,1v1,0,0,1,False,20,,,,20,,,,,,,,
176,1133056,,,,userpatch 1.5,11.76,1,5.8.1,voobly,131,True,0,9,120,Arabia,,False,-1079305371,False,2019-11-19 21:27:20.321650,20945707,0 days 00:44:19.000000000,True,True,0,3,200,0,False,178,False,1v1,1v1,0,0,1,False,20,,,,20,,,,,,,,
177,1133061,,,,userpatch 1.5,11.76,1,5.8.1,voobly,131,True,0,9,120,Arabia,,False,-1933850837,False,2019-11-19 21:24:21.843095,20945688,0 days 00:27:41.000000000,True,True,0,3,200,0,False,178,False,1v1,1v1,0,0,1,False,20,,,,20,,,,,,,,
178,1130757,,,,userpatch 1.5,11.76,1,5.8.1,voobly,131,True,1,9,120,Arabia,,False,-277265167,False,2019-11-19 04:58:05.972474,20943135,0 days 00:29:02.000000000,True,True,0,3,200,0,False,178,False,1v1,1v1,0,0,1,False,20,,,,20,,,,,,,,
179,1130761,,,,userpatch 1.5,11.76,1,5.8.1,voobly,131,True,0,9,120,Arabia,,False,-1496034845,False,2019-11-19 04:56:06.674622,20943126,0 days 00:41:25.000000000,True,True,0,1,200,0,False,178,False,1v1,1v1,0,0,0,False,20,,,,20,,,,,,,,
180,1130764,,,,userpatch 1.5,11.76,1,5.8.1,voobly,131,True,0,9,120,Arabia,,False,-27558626,False,2019-11-19 04:53:07.389682,20943116,0 days 00:37:17.000000000,True,True,0,0,200,0,False,178,False,1v1,1v1,0,0,1,False,20,,,,20,,,,,,,,
181,1130766,,,,userpatch 1.5,11.76,1,5.8.1,voobly,131,True,0,9,120,Arabia,,False,-1056672843,False,2019-11-19 04:48:07.945776,20943103,0 days 00:51:59.000000000,True,True,0,3,200,0,False,178,False,1v1,1v1,0,0,1,False,20,,,,20,,,,,,,,
182,1130773,,,,userpatch 1.5,11.76,1,5.8.1,voobly,131,True,1,9,120,Arabia,,False,-1759928461,False,2019-11-19 04:38:10.328979,20943080,0 days 00:41:40.000000000,True,True,0,3,200,0,False,178,False,1v1,1v1,0,0,1,False,20,,,,20,,,,,,,,
183,1130776,,,,userpatch 1.5,11.76,1,5.8.1,voobly,131,True,1,9,120,Arabia,,False,1894147123,False,2019-11-19 04:37:11.217348,20943072,0 days 00:38:20.000000000,True,True,0,3,200,0,False,178,False,1v1,1v1,0,0,1,False,20,,,,20,,,,,,,,
184,1130783,,,,userpatch 1.5,11.76,1,5.8.1,voobly,131,True,0,9,120,Arabia,,False,680650156,False,2019-11-19 04:27:13.065863,20943038,0 days 00:48:53.000000000,True,True,0,3,200,0,False,178,False,1v1,1v1,0,0,1,False,20,,,,20,,,,,,,,
185,1130795,,,,userpatch 1.5,11.76,1,5.8.1,voobly,131,True,1,9,120,Arabia,,False,1356178326,False,2019-11-19 04:15:16.624425,20942995,0 days 00:48:20.000000000,True,True,0,3,200,0,False,178,False,1v1,1v1,0,0,1,False,20,,,,20,,,,,,,,
186,1130798,,,,userpatch 1.5,11.76,1,5.8.1,voobly,131,True,1,9,120,Arabia,,False,880854804,False,2019-11-19 04:11:17.359529,20942983,0 days 00:57:50.000000000,True,True,0,3,200,0,False,178,False,1v1,1v1,0,0,1,False,20,,,,20,,,,,,,,
187,1130803,,,,userpatch 1.5,11.76,1,5.8.1,voobly,131,True,1,9,120,Arabia,,False,-681309699,False,2019-11-19 04:08:18.648423,20942963,0 days 01:17:31.000000000,True,True,0,3,225,0,False,178,False,1v1,1v1,0,0,0,False,20,,,,20,,,,,,,,
188,1130765,,,,userpatch 1.5,11.76,1,5.8.1,voobly,131,True,1,9,120,Arabia,,False,931285884,False,2019-11-19 04:51:07.686733,20943112,0 days 00:17:49.000000000,True,True,0,1,200,0,False,178,False,1v1,1v1,0,0,1,False,20,,,,20,,,,,,,,
189,1130767,,,,userpatch 1.5,11.76,1,5.8.1,voobly,131,True,1,9,120,Arabia,,False,-2091765088,False,2019-11-19 04:48:08.210003,20943099,0 days 00:05:35.000000000,True,True,0,3,200,0,False,178,False,1v1,1v1,0,0,1,False,20,,,,20,,,,,,,,
190,1130770,,,,userpatch 1.5,11.76,1,5.8.1,voobly,131,True,1,9,120,Arabia,,False,1129705337,False,2019-11-19 04:42:09.307663,20943088,0 days 00:59:42.000000000,True,True,0,3,200,0,False,178,False,1v1,1v1,0,0,1,False,20,,,,20,,,,,,,,
191,1130772,,,,userpatch 1.5,11.76,1,5.8.1,voobly,131,True,0,9,120,Arabia,,False,156836103,False,2019-11-19 04:41:09.845773,20943085,0 days 00:26:07.000000000,True,True,0,3,200,0,False,178,True,1v1,1v1,0,0,1,False,20,,,,20,,,,,,,,
192,1130786,,,,userpatch 1.5,11.76,1,5.8.1,voobly,131,True,1,9,120,Arabia,,False,-583938891,False,2019-11-19 04:26:13.839001,20943032,0 days 00:44:11.000000000,True,True,0,0,200,0,False,178,False,1v1,1v1,0,0,1,False,20,,,,20,,,,,,,,
193,1130793,,,,userpatch 1.5,11.76,1,5.8.1,voobly,131,True,1,9,120,Arabia,,False,-112415496,False,2019-11-19 04:19:15.999004,20943004,0 days 00:24:34.000000000,True,True,0,3,200,0,False,178,False,1v1,1v1,0,0,0,False,20,,,,20,,,,,,,,
194,1130801,,,,userpatch 1.5,11.76,1,5.8.1,voobly,131,True,0,9,120,Arabia,,False,161902695,False,2019-11-19 04:10:18.216745,20942972,0 days 00:32:38.000000000,True,True,0,3,200,0,False,178,True,1v1,1v1,0,0,1,False,20,,,,20,,,,,,,,
195,1130805,,,,userpatch 1.5,11.76,1,5.8.1,voobly,131,True,0,9,120,Arabia,,False,1230354544,False,2019-11-19 04:05:19.207793,20942952,0 days 00:37:11.000000000,True,True,0,3,200,0,False,178,True,1v1,1v1,0,0,0,False,20,,,,20,,,,,,,,
196,1130947,,,,userpatch 1.5,11.76,1,5.8.1,voobly,131,True,1,9,120,Arabia,,False,82024651,False,2019-11-19 05:56:07.066783,20943312,0 days 01:02:26.000000000,True,True,0,0,200,0,False,178,False,1v1,1v1,0,0,1,False,20,,,,20,,,,,,,,
197,1130948,,,,userpatch 1.5,11.76,1,5.8.1,voobly,131,True,1,9,120,Arabia,,False,-609489498,False,2019-11-19 05:55:07.492521,20943308,0 days 00:31:08.000000000,True,True,0,3,200,0,False,178,False,1v1,1v1,0,0,0,False,20,,,,20,,,,,,,,
198,1130952,,,,userpatch 1.5,11.76,1,5.8.1,voobly,131,True,0,9,120,Arabia,,False,-264233026,False,2019-11-19 05:50:08.661747,20943293,0 days 00:40:46.000000000,True,True,0,3,200,0,False,178,True,1v1,1v1,0,0,0,False,20,,,,20,,,,,,,,
199,1130953,,,,userpatch 1.5,11.76,1,5.8.1,voobly,131,True,0,9,120,Arabia,,False,-1374754762,False,2019-11-19 05:49:08.880834,20943290,0 days 01:07:18.000000000,True,True,0,3,200,0,False,178,False,1v1,1v1,0,0,1,False,20,,,,20,,,,,,,,
200,1130958,,,,userpatch 1.5,11.76,1,5.8.1,voobly,131,True,0,9,120,Arabia,,False,-1562013227,False,2019-11-19 05:43:10.288031,20943277,0 days 00:26:26.000000000,True,True,0,3,200,0,False,178,False,1v1,1v1,0,0,1,False,20,,,,20,,,,,,,,
201,1130966,,,,userpatch 1.5,11.76,1,5.8.1,voobly,131,True,1,9,120,Arabia,,False,-1469714334,False,2019-11-19 05:34:12.461945,20943256,0 days 00:16:29.000000000,True,True,0,3,200,0,False,178,True,1v1,1v1,0,0,1,False,20,,,,20,,,,,,,,
202,1130968,,,,userpatch 1.5,11.76,1,5.8.1,voobly,131,True,0,9,120,Arabia,,False,1090363440,False,2019-11-19 05:33:12.981870,20943249,0 days 00:59:52.000000000,True,True,0,0,200,0,False,178,False,1v1,1v1,0,0,1,False,20,,,,20,,,,,,,,
203,1130974,,,,userpatch 1.5,11.76,1,5.8.1,voobly,131,True,1,9,120,Arabia,,False,1693568900,False,2019-11-19 05:29:14.352348,20943235,0 days 00:28:30.000000000,True,True,0,3,200,0,False,178,False,1v1,1v1,0,0,1,False,20,,,,20,,,,,,,,
204,1130984,,,,userpatch 1.5,11.76,1,5.8.1,voobly,131,True,1,9,120,Arabia,,False,-1130364120,False,2019-11-19 05:18:16.640036,20943205,0 days 01:03:56.000000000,True,True,0,3,200,0,False,178,False,1v1,1v1,0,0,1,False,20,,,,20,,,,,,,,
205,1130985,,,,userpatch 1.5,11.76,1,5.8.1,voobly,131,True,1,9,120,Arabia,,False,1837491998,False,2019-11-19 05:18:16.881678,20943203,0 days 00:41:12.000000000,True,True,0,3,200,0,False,178,False,1v1,1v1,0,0,1,False,20,,,,20,,,,,,,,
206,1130998,,,,userpatch 1.5,11.76,1,5.8.1,voobly,131,True,0,9,120,Arabia,,False,-1954094254,False,2019-11-19 05:04:19.458954,20943161,0 days 00:22:58.000000000,True,True,0,3,200,0,False,178,False,1v1,1v1,0,0,0,False,20,,,,20,,,,,,,,
207,1131001,,,,userpatch 1.5,11.76,1,5.8.1,voobly,131,True,1,9,120,Arabia,,False,529766510,False,2019-11-19 05:01:20.117682,20943153,0 days 00:34:12.000000000,True,True,0,3,200,0,False,178,False,1v1,1v1,0,0,1,False,20,,,,20,,,,,,,,
208,1130977,,,,userpatch 1.5,11.76,1,5.8.1,voobly,131,True,0,9,120,Arabia,,False,-1389823514,False,2019-11-19 05:23:14.969085,20943219,0 days 00:38:06.000000000,True,True,0,3,200,0,False,178,False,1v1,1v1,0,0,1,False,20,,,,20,,,,,,,,
209,1130978,,,,userpatch 1.5,11.76,1,5.8.1,voobly,131,True,0,9,120,Arabia,,False,-1110269251,False,2019-11-19 05:23:15.198293,20943217,0 days 01:04:11.000000000,True,True,0,3,200,0,False,178,True,1v1,1v1,0,0,1,False,20,,,,20,,,,,,,,
210,1130981,,,,userpatch 1.5,11.76,1,5.8.1,voobly,131,True,1,9,120,Arabia,,False,-476337865,False,2019-11-19 05:22:16.050692,20943213,0 days 00:09:04.000000000,True,True,0,3,200,0,False,178,True,1v1,1v1,0,0,1,False,20,,,,20,,,,,,,,
211,1130988,,,,userpatch 1.5,11.76,1,5.8.1,voobly,131,True,0,9,120,Arabia,,False,-1152875602,False,2019-11-19 05:13:17.466722,20943194,0 days 00:34:23.000000000,True,True,0,3,200,0,False,178,True,1v1,1v1,0,0,1,False,20,,,,20,,,,,,,,
212,1130990,,,,userpatch 1.5,11.76,1,5.8.1,voobly,131,True,0,9,120,Arabia,,False,-582533298,False,2019-11-19 05:13:17.798457,20943191,0 days 00:34:42.000000000,True,True,0,1,200,0,False,178,False,1v1,1v1,0,0,1,False,20,,,,20,,,,,,,,
213,1130995,,,,userpatch 1.5,11.76,1,5.8.1,voobly,131,True,0,9,120,Arabia,,False,930312763,False,2019-11-19 05:07:18.821524,20943166,0 days 00:24:50.000000000,True,True,0,3,200,0,False,178,False,1v1,1v1,0,0,1,False,20,,,,20,,,,,,,,
214,1130996,,,,userpatch 1.5,11.76,1,5.8.1,voobly,131,True,0,9,120,Arabia,,False,1029581999,False,2019-11-19 05:06:19.037443,20943164,0 days 00:29:39.000000000,True,True,0,3,200,0,False,178,False,1v1,1v1,0,0,1,False,20,,,,20,,,,,,,,
215,1131115,,,,userpatch 1.5,11.76,1,5.8.1,voobly,131,True,0,9,120,Arabia,,False,516672612,False,2019-11-19 06:41:08.681300,20943416,0 days 00:50:03.000000000,True,True,0,3,200,0,False,178,False,1v1,1v1,0,0,1,False,20,,,,20,,,,,,,,
216,1131120,,,,userpatch 1.5,11.76,1,5.8.1,voobly,131,True,0,9,120,Arabia,,False,1287382768,False,2019-11-19 06:35:10.088366,20943404,0 days 00:28:23.000000000,True,True,0,0,200,0,False,178,False,1v1,1v1,0,0,1,False,20,,,,20,,,,,,,,
217,1131122,,,,userpatch 1.5,11.76,1,5.8.1,voobly,131,True,1,9,120,Arabia,,False,1142539513,False,2019-11-19 06:32:10.637655,20943398,0 days 00:47:55.000000000,True,True,0,3,200,0,False,178,False,1v1,1v1,0,0,1,False,20,,,,20,,,,,,,,
218,1131125,,,,userpatch 1.5,11.76,1,5.8.1,voobly,131,True,1,9,120,Arabia,,False,-204787379,False,2019-11-19 06:27:11.297837,20943389,0 days 00:36:21.000000000,True,True,0,3,200,0,False,178,False,1v1,1v1,0,0,0,False,20,,,,20,,,,,,,,
219,1131126,,,,userpatch 1.5,11.76,1,5.8.1,voobly,131,True,1,9,120,Arabia,,False,-1118476287,False,2019-11-19 06:26:11.674998,20943384,0 days 00:43:52.000000000,True,True,0,0,200,0,False,178,False,1v1,1v1,0,0,1,False,20,,,,20,,,,,,,,
220,1131129,,,,userpatch 1.5,11.76,1,5.8.1,voobly,131,True,0,9,120,Arabia,,False,-1178639121,False,2019-11-19 06:22:12.566696,20943375,0 days 00:53:17.000000000,True,True,0,3,200,0,False,178,False,1v1,1v1,0,0,1,False,20,,,,20,,,,,,,,
221,1131145,,,,userpatch 1.5,11.76,1,5.8.1,voobly,131,True,1,9,120,Arabia,,False,-1656606180,False,2019-11-19 07:00:00.000000,20943323,0 days 00:24:18.000000000,True,True,0,3,200,0,False,178,False,1v1,1v1,0,0,1,False,20,,,,20,,,,,,,,
222,1131138,,,,userpatch 1.5,11.76,1,5.8.1,voobly,131,True,1,9,120,Arabia,,False,-1962361397,False,2019-11-19 06:12:14.779925,20943350,0 days 00:59:01.000000000,True,True,0,0,200,0,False,178,False,1v1,1v1,0,0,1,False,20,,,,20,,,,,,,,
223,1131214,,,,userpatch 1.5,11.76,1,5.8.1,voobly,131,True,0,9,120,Arabia,,False,-7506035,False,2019-11-19 07:59:05.597611,20943539,0 days 00:51:29.000000000,True,True,0,3,200,0,False,178,False,1v1,1v1,0,0,1,False,20,,,,20,,,,,,,,
224,1131216,,,,userpatch 1.5,11.76,1,5.8.1,voobly,131,True,1,9,120,Arabia,,False,94327161,False,2019-11-19 07:55:06.749100,20943531,0 days 00:46:48.000000000,True,True,0,3,200,0,False,178,False,1v1,1v1,0,0,1,False,20,,,,20,,,,,,,,
225,1131222,,,,userpatch 1.5,11.76,1,5.8.1,voobly,131,True,1,9,120,Arabia,,False,-1632532685,False,2019-11-19 07:50:08.093836,20943521,0 days 00:21:35.000000000,True,True,0,1,200,0,False,178,True,1v1,1v1,0,0,1,False,20,,,,20,,,,,,,,
226,1131218,,,,userpatch 1.5,11.76,1,5.8.1,voobly,131,True,0,9,120,Arabia,,False,552078205,False,2019-11-19 07:55:07.077094,20943529,0 days 00:37:00.000000000,True,True,0,3,200,0,False,178,False,1v1,1v1,0,0,1,False,20,,,,20,,,,,,,,
227,1131226,,,,userpatch 1.5,11.76,1,5.8.1,voobly,131,True,1,9,120,Arabia,,False,1169767825,False,2019-11-19 07:35:09.088610,20943506,0 days 00:24:22.000000000,True,True,0,1,200,0,False,178,True,1v1,1v1,0,0,1,False,20,,,,20,,,,,,,,
228,1131229,,,,userpatch 1.5,11.76,1,5.8.1,voobly,131,True,0,9,120,Arabia,,False,-662044556,False,2019-11-19 07:30:09.896682,20943497,0 days 00:27:20.000000000,True,True,0,3,200,0,False,178,False,1v1,1v1,0,0,1,False,20,,,,20,,,,,,,,
229,1131238,,,,userpatch 1.5,11.76,1,5.8.1,voobly,131,True,0,9,120,Arabia,,False,156715296,False,2019-11-19 07:11:12.144343,20943468,0 days 00:38:39.000000000,True,True,0,3,200,0,False,178,False,1v1,1v1,0,0,1,False,20,,,,20,,,,,,,,
230,1131239,,,,userpatch 1.5,11.76,1,5.8.1,voobly,131,True,1,9,120,Arabia,,False,-931682515,False,2019-11-19 07:11:12.375438,20943467,0 days 00:45:36.000000000,True,True,0,3,200,0,False,178,False,1v1,1v1,0,0,1,False,20,,,,20,,,,,,,,
231,1131236,,,,userpatch 1.5,11.76,1,5.8.1,voobly,131,True,1,9,120,Arabia,,False,1274651991,False,2019-11-19 07:23:11.642168,20943480,0 days 01:15:15.000000000,True,True,0,3,200,0,False,178,False,1v1,1v1,0,0,1,False,20,,,,20,,,,,,,,
232,1131241,,,,userpatch 1.5,11.76,1,5.8.1,voobly,131,True,0,9,120,Arabia,,False,1503759116,False,2019-11-19 07:07:12.819758,20943455,0 days 00:31:38.000000000,True,True,0,3,225,0,False,178,False,1v1,1v1,0,0,1,False,20,,,,20,,,,,,,,
233,1131242,,,,userpatch 1.5,11.76,1,5.8.1,voobly,131,True,0,9,120,Arabia,,False,-1344894334,False,2019-11-19 07:03:13.041524,20943447,0 days 00:17:37.000000000,True,True,0,3,200,0,False,178,False,1v1,1v1,0,0,0,False,20,,,,20,,,,,,,,
234,1131302,,,,userpatch 1.5,11.76,1,5.8.1,voobly,131,True,0,9,120,Arabia,,False,376312431,False,2019-11-19 08:56:05.397624,20943614,0 days 00:40:19.000000000,True,True,0,3,200,0,False,178,False,1v1,1v1,0,0,0,False,20,,,,20,,,,,,,,
235,1131306,,,,userpatch 1.5,11.76,1,5.8.1,voobly,131,True,0,9,120,Arabia,,False,82024651,False,2019-11-19 08:46:08.312382,20943601,0 days 00:53:03.000000000,True,True,0,3,200,0,False,178,False,1v1,1v1,0,0,1,False,20,,,,20,,,,,,,,
236,1131308,,,,userpatch 1.5,11.76,1,5.8.1,voobly,131,True,0,9,120,Arabia,,False,-683186105,False,2019-11-19 08:42:09.548171,20943596,0 days 01:04:06.000000000,True,True,0,3,200,0,False,178,False,1v1,1v1,0,0,1,False,20,,,,20,,,,,,,,
237,1131312,,,,userpatch 1.5,11.76,1,5.8.1,voobly,131,True,1,9,120,Arabia,,False,-576916586,False,2019-11-19 08:33:10.596291,20943583,0 days 00:49:08.000000000,True,True,0,3,200,0,False,178,False,1v1,1v1,0,0,1,False,20,,,,20,,,,,,,,
238,1131314,,,,userpatch 1.5,11.76,1,5.8.1,voobly,131,True,1,9,120,Arabia,,False,350655216,False,2019-11-19 08:29:11.168181,20943580,0 days 00:33:41.000000000,True,True,0,3,200,0,False,178,False,1v1,1v1,0,0,1,False,20,,,,20,,,,,,,,
239,1131315,,,,userpatch 1.5,11.76,1,5.8.1,voobly,131,True,1,9,120,Arabia,,False,-419714770,False,2019-11-19 08:28:11.521448,20943579,0 days 00:36:14.000000000,True,True,0,3,200,0,False,178,False,1v1,1v1,0,0,0,False,20,,,,20,,,,,,,,
240,1131319,,,,userpatch 1.5,11.76,1,5.8.1,voobly,131,True,0,9,120,Arabia,,False,-39756780,False,2019-11-19 08:22:12.745579,20943569,0 days 01:13:57.000000000,True,True,0,3,200,0,False,178,True,1v1,1v1,0,0,1,False,20,,,,20,,,,,,,,
241,1131326,,,,userpatch 1.5,11.76,1,5.8.1,voobly,131,True,1,9,120,Arabia,,False,843614276,False,2019-11-19 08:04:14.616006,20943544,0 days 00:21:15.000000000,True,True,0,1,200,0,False,178,True,1v1,1v1,0,0,1,False,20,,,,20,,,,,,,,
242,1131327,,,,userpatch 1.5,11.76,1,5.8.1,voobly,131,True,1,9,120,Arabia,,False,1917054257,False,2019-11-19 08:59:00.000000,20943540,0 days 00:51:26.000000000,True,True,0,3,200,0,False,178,False,1v1,1v1,0,0,1,False,20,,,,20,,,,,,,,
243,1131318,,,,userpatch 1.5,11.76,1,5.8.1,voobly,131,True,1,9,120,Arabia,,False,1079577398,False,2019-11-19 08:25:12.457755,20943572,0 days 00:42:20.000000000,True,True,0,3,200,0,False,178,False,1v1,1v1,0,0,1,False,20,,,,20,,,,,,,,
244,1131380,,,,userpatch 1.5,11.76,1,5.8.1,voobly,131,True,1,9,120,Arabia,,False,531691988,False,2019-11-19 09:47:06.848772,20943671,0 days 00:32:46.000000000,True,True,0,3,200,0,False,178,False,1v1,1v1,0,0,1,False,20,,,,20,,,,,,,,
245,1131386,,,,userpatch 1.5,11.76,1,5.8.1,voobly,131,True,0,9,120,Arabia,,False,383798518,False,2019-11-19 09:33:08.644738,20943657,0 days 00:43:40.000000000,True,True,0,3,200,0,False,178,False,1v1,1v1,0,0,1,False,20,,,,20,,,,,,,,
246,1131396,,,,userpatch 1.5,11.76,1,5.8.1,voobly,131,True,0,9,120,Arabia,,False,47414009,False,2019-11-19 09:09:11.075650,20943628,0 days 00:40:35.000000000,True,True,0,3,200,0,False,178,False,1v1,1v1,0,0,1,False,20,,,,20,,,,,,,,
247,1131378,,,,userpatch 1.5,11.76,1,5.8.1,voobly,131,True,1,9,120,Arabia,,False,1381835529,False,2019-11-19 09:52:05.564121,20943679,0 days 01:06:35.000000000,True,True,0,3,200,0,False,178,False,1v1,1v1,0,0,1,False,20,,,,20,,,,,,,,
248,1131387,,,,userpatch 1.5,11.76,1,5.8.1,voobly,131,True,1,9,120,Arabia,,False,1970315631,False,2019-11-19 09:30:08.933317,20943653,0 days 00:45:09.000000000,True,True,0,3,200,0,False,178,False,1v1,1v1,0,0,1,False,20,,,,20,,,,,,,,
249,1131397,,,,userpatch 1.5,11.76,1,5.8.1,voobly,131,True,1,9,120,Arabia,,False,-1637621810,False,2019-11-19 09:05:11.460688,20943626,0 days 01:09:05.000000000,True,True,0,3,200,0,False,178,False,1v1,1v1,0,0,0,False,20,,,,20,,,,,,,,
250,1131398,,,,userpatch 1.5,11.76,1,5.8.1,voobly,131,True,1,9,120,Arabia,,False,993746140,False,2019-11-19 09:02:11.969281,20943621,0 days 01:02:53.000000000,True,True,0,3,200,0,False,178,False,1v1,1v1,0,0,1,False,20,,,,20,,,,,,,,
251,1131451,,,,userpatch 1.5,11.76,1,5.8.1,voobly,131,True,1,9,120,Arabia,,False,738423454,False,2019-11-19 10:33:08.158262,20943725,0 days 00:26:45.000000000,True,True,0,3,200,0,False,178,False,1v1,1v1,0,0,1,False,20,,,,20,,,,,,,,
252,1131460,,,,userpatch 1.5,11.76,1,5.8.1,voobly,131,True,1,9,120,Arabia,,False,-2067968476,False,2019-11-19 10:01:10.487670,20943686,0 days 00:51:31.000000000,True,True,0,3,200,0,False,178,False,1v1,1v1,0,0,1,False,20,,,,20,,,,,,,,
253,1131441,,,,userpatch 1.5,11.76,1,5.8.1,voobly,131,True,0,9,120,Arabia,,False,1358348844,False,2019-11-19 10:58:04.426696,20943755,0 days 00:38:38.000000000,True,True,0,3,200,0,False,178,False,1v1,1v1,0,0,1,False,20,,,,20,,,,,,,,
254,1133067,,,,userpatch 1.5,11.76,1,5.8.1,voobly,131,True,1,9,120,Arabia,,False,-156447402,False,2019-11-19 21:20:23.875788,20945673,0 days 00:40:22.000000000,True,True,0,3,200,0,False,178,False,1v1,1v1,0,0,1,False,20,,,,20,,,,,,,,
255,1133073,,,,userpatch 1.5,11.76,1,5.8.1,voobly,131,True,1,9,120,Arabia,,False,-2026370832,False,2019-11-19 21:18:25.272139,20945663,0 days 00:22:07.000000000,True,True,0,3,200,0,False,178,False,1v1,1v1,0,0,1,False,20,,,,20,,,,,,,,
256,1133081,,,,userpatch 1.5,11.76,1,5.8.1,voobly,131,True,0,9,120,Arabia,,False,247943802,False,2019-11-19 21:09:27.484151,20945623,0 days 00:45:21.000000000,True,True,0,3,200,0,False,178,True,1v1,1v1,0,0,1,False,20,,,,20,,,,,,,,
257,1133082,,,,userpatch 1.5,11.76,1,5.8.1,voobly,131,True,0,9,120,Arabia,,False,453440350,False,2019-11-19 21:08:27.722184,20945619,0 days 00:38:16.000000000,True,True,0,3,200,0,False,178,False,1v1,1v1,0,0,0,False,20,,,,20,,,,,,,,
258,1133086,,,,userpatch 1.5,11.76,1,5.8.1,voobly,131,True,1,9,120,Arabia,,False,-1184186352,False,2019-11-19 21:05:28.681207,20945610,0 days 00:41:42.000000000,True,True,0,3,200,0,False,178,False,1v1,1v1,0,0,1,False,20,,,,20,,,,,,,,
259,1133093,,,,userpatch 1.5,11.76,1,5.8.1,voobly,131,True,1,9,120,Arabia,,False,-11093163,False,2019-11-19 21:02:30.697786,20945596,0 days 00:32:25.000000000,True,True,0,2,200,0,False,178,False,1v1,1v1,0,0,1,False,20,,,,20,,,,,,,,
260,1133096,,,,userpatch 1.5,11.76,1,5.8.1,voobly,131,True,1,9,120,Arabia,,False,25453776,False,2019-11-19 21:01:31.808219,20945590,0 days 00:56:58.000000000,True,True,0,3,200,0,False,178,False,1v1,1v1,0,0,1,False,20,,,,20,,,,,,,,
261,1133127,,,,userpatch 1.5,11.76,1,5.8.1,voobly,131,True,1,9,120,Arabia,,False,437045527,False,2019-11-19 22:58:05.248943,20946091,0 days 00:34:21.000000000,True,True,0,2,200,0,False,178,False,1v1,1v1,0,0,1,False,20,,,,20,,,,,,,,
262,1133143,,,,userpatch 1.5,11.76,1,5.8.1,voobly,131,True,1,9,120,Arabia,,False,-1203105850,False,2019-11-19 22:46:11.894418,20946050,0 days 00:28:24.000000000,True,True,0,1,200,0,False,178,False,1v1,1v1,0,0,1,False,20,,,,20,,,,,,,,
263,1133165,,,,userpatch 1.5,11.76,1,5.8.1,voobly,131,True,1,9,120,Arabia,,False,1321361192,False,2019-11-19 22:33:18.065056,20946001,0 days 00:16:43.000000000,True,True,0,3,200,0,False,178,False,1v1,1v1,0,0,1,False,20,,,,20,,,,,,,,
264,1133180,,,,userpatch 1.5,11.76,1,5.8.1,voobly,131,True,1,9,120,Arabia,,False,668777249,False,2019-11-19 22:24:22.133989,20945963,0 days 00:47:54.000000000,True,True,0,3,200,0,False,178,False,1v1,1v1,0,0,1,False,20,,,,20,,,,,,,,
265,1133182,,,,userpatch 1.5,11.76,1,5.8.1,voobly,131,True,0,9,120,Arabia,,False,426844833,False,2019-11-19 22:23:22.646722,20945952,0 days 00:31:40.000000000,True,True,0,3,200,0,False,178,False,1v1,1v1,0,0,0,False,20,,,,20,,,,,,,,
266,1133158,,,,userpatch 1.5,11.76,1,5.8.1,voobly,131,True,1,9,120,Arabia,,False,1416248633,False,2019-11-19 22:36:16.183550,20946010,0 days 00:45:35.000000000,True,True,0,3,200,0,False,178,True,1v1,1v1,0,0,1,False,20,,,,20,,,,,,,,
267,1133160,,,,userpatch 1.5,11.76,1,5.8.1,voobly,131,True,1,9,120,Arabia,,False,908909107,False,2019-11-19 22:35:16.665217,20946008,0 days 00:31:06.000000000,True,True,0,2,200,0,False,178,False,1v1,1v1,0,0,1,False,20,,,,20,,,,,,,,
268,1133171,,,,userpatch 1.5,11.76,1,5.8.1,voobly,131,True,0,9,120,Arabia,,False,-916521762,False,2019-11-19 22:30:19.921769,20945987,0 days 00:54:23.000000000,True,True,0,3,200,0,False,178,False,1v1,1v1,0,0,1,False,20,,,,20,,,,,,,,
269,1133174,,,,userpatch 1.5,11.76,1,5.8.1,voobly,131,True,1,9,120,Arabia,,False,-436009908,False,2019-11-19 22:28:20.589779,20945981,0 days 01:01:05.000000000,True,True,0,3,200,0,False,178,False,1v1,1v1,0,0,1,False,20,,,,20,,,,,,,,
270,1133186,,,,userpatch 1.5,11.76,1,5.8.1,voobly,131,True,0,9,120,Arabia,,False,-302630804,False,2019-11-19 22:17:23.815491,20945935,0 days 00:05:25.000000000,True,True,0,3,200,0,False,178,False,1v1,1v1,0,0,1,False,20,,,,20,,,,,,,,
271,1133192,,,,userpatch 1.5,11.76,1,5.8.1,voobly,131,True,1,9,120,Arabia,,False,764314219,False,2019-11-19 22:11:25.634539,20945913,0 days 00:42:35.000000000,True,True,0,3,200,0,False,178,False,1v1,1v1,0,0,1,False,20,,,,20,,,,,,,,
272,1133194,,,,userpatch 1.5,11.76,1,5.8.1,voobly,131,True,0,9,120,Arabia,,False,1098362055,False,2019-11-19 22:10:26.388884,20945906,0 days 00:55:05.000000000,True,True,0,1,200,0,False,178,False,1v1,1v1,0,0,1,False,20,,,,20,,,,,,,,
273,1133209,,,,userpatch 1.5,11.76,1,5.8.1,voobly,131,True,0,9,120,Arabia,,False,-1598017943,False,2019-11-19 22:02:31.350905,20945861,0 days 00:42:45.000000000,True,True,0,3,200,0,False,178,False,1v1,1v1,0,0,0,False,20,,,,20,,,,,,,,
274,1133202,,,,userpatch 1.5,11.76,1,5.8.1,voobly,131,True,1,9,120,Arabia,,False,1774039821,False,2019-11-19 22:06:28.962829,20945876,0 days 00:51:35.000000000,True,True,0,3,200,0,False,178,False,1v1,1v1,0,0,1,False,20,,,,20,,,,,,,,
275,1133208,,,,userpatch 1.5,11.76,1,5.8.1,voobly,131,True,0,9,120,Arabia,,False,1272789231,False,2019-11-19 22:02:31.093835,20945863,0 days 00:56:26.000000000,True,True,0,3,200,0,False,178,False,1v1,1v1,0,0,1,False,20,,,,20,,,,,,,,
276,1133308,,,,userpatch 1.5,11.76,1,5.8.1,voobly,131,True,1,9,120,Arabia,,False,1173139408,False,2019-11-19 23:56:09.254207,20946321,0 days 00:32:44.000000000,True,True,0,3,200,0,False,178,False,1v1,1v1,0,0,1,False,20,,,,20,,,,,,,,
277,1133312,,,,userpatch 1.5,11.76,1,5.8.1,voobly,131,True,0,9,120,Arabia,,False,-347113275,False,2019-11-19 23:54:10.692723,20946310,0 days 00:34:12.000000000,True,True,0,3,200,0,False,178,False,1v1,1v1,0,0,1,False,20,,,,20,,,,,,,,
278,1133317,,,,userpatch 1.5,11.76,1,5.8.1,voobly,131,True,1,9,120,Arabia,,False,683348019,False,2019-11-19 23:52:12.119359,20946293,0 days 00:29:10.000000000,True,True,0,3,200,0,False,178,False,1v1,1v1,0,0,1,False,20,,,,20,,,,,,,,
279,1133320,,,,userpatch 1.5,11.76,1,5.8.1,voobly,131,True,1,9,120,Arabia,,False,-1780477931,False,2019-11-19 23:52:13.054947,20946290,0 days 00:37:11.000000000,True,True,0,1,200,0,False,178,True,1v1,1v1,0,0,1,False,20,,,,20,,,,,,,,
280,1133333,,,,userpatch 1.5,11.76,1,5.8.1,voobly,131,True,1,9,120,Arabia,,False,1820860757,False,2019-11-19 23:41:17.727174,20946255,0 days 00:20:49.000000000,True,True,0,3,200,0,False,178,False,1v1,1v1,0,0,1,False,20,,,,20,,,,,,,,
281,1133348,,,,userpatch 1.5,11.76,1,5.8.1,voobly,131,True,1,9,120,Arabia,,False,471260858,False,2019-11-19 23:34:22.930308,20946225,0 days 00:42:41.000000000,True,True,0,3,200,0,False,178,False,1v1,1v1,0,0,1,False,20,,,,20,,,,,,,,
282,1133357,,,,userpatch 1.5,11.76,1,5.8.1,voobly,131,True,0,9,120,Arabia,,False,-1414342411,False,2019-11-19 23:29:25.268859,20946208,0 days 00:39:10.000000000,True,True,0,3,200,0,False,178,False,1v1,1v1,0,0,1,False,20,,,,20,,,,,,,,
283,1133358,,,,userpatch 1.5,11.76,1,5.8.1,voobly,131,True,1,9,120,Arabia,,False,-548435601,False,2019-11-19 23:29:25.590297,20946207,0 days 00:25:36.000000000,True,True,0,1,200,0,False,178,True,1v1,1v1,0,0,1,False,20,,,,20,,,,,,,,
284,1133303,,,,userpatch 1.5,11.76,1,5.8.1,voobly,131,True,0,9,120,Arabia,,False,-555185147,False,2019-11-19 23:58:07.351195,20946334,0 days 00:39:12.000000000,True,True,0,3,200,0,False,178,False,1v1,1v1,0,0,1,False,20,,,,20,,,,,,,,
285,1133340,,,,userpatch 1.5,11.76,1,5.8.1,voobly,131,True,0,9,120,Arabia,,False,-960100692,False,2019-11-19 23:37:20.136503,20946241,0 days 00:52:13.000000000,True,True,0,3,200,0,False,178,False,1v1,1v1,0,0,0,False,20,,,,20,,,,,,,,
286,1133351,,,,userpatch 1.5,11.76,1,5.8.1,voobly,131,True,1,9,120,Arabia,,False,-2015086550,False,2019-11-19 23:31:23.488413,20946219,0 days 01:00:00.000000000,True,True,0,3,200,0,False,178,False,1v1,1v1,0,0,1,False,20,,,,20,,,,,,,,
287,1133355,,,,userpatch 1.5,11.76,1,5.8.1,voobly,131,True,0,9,120,Arabia,,False,-1799299133,False,2019-11-19 23:30:24.421961,20946214,0 days 00:11:48.000000000,True,True,0,3,200,0,False,178,False,1v1,1v1,0,0,1,False,20,,,,20,,,,,,,,
288,1133364,,,,userpatch 1.5,11.76,1,5.8.1,voobly,131,True,1,9,120,Arabia,,False,-862731292,False,2019-11-19 23:24:27.243141,20946189,0 days 00:33:50.000000000,True,True,0,3,200,0,False,178,True,1v1,1v1,0,0,1,False,20,,,,20,,,,,,,,
289,1133379,,,,userpatch 1.5,11.76,1,5.8.1,voobly,131,True,0,9,120,Arabia,,False,755031282,False,2019-11-19 23:10:31.634528,20946140,0 days 00:33:51.000000000,True,True,0,3,200,0,False,178,False,1v1,1v1,0,0,1,False,20,,,,20,,,,,,,,
290,1130043,,,,userpatch 1.5,11.76,1,5.8.1,voobly,131,True,0,9,120,Arabia,,False,-1295776170,False,2019-11-19 00:11:31.759893,20942026,0 days 00:54:49.000000000,True,True,0,3,200,0,False,178,False,1v1,1v1,0,0,1,False,20,,,,20,,,,,,,,
291,1130047,,,,userpatch 1.5,11.76,1,5.8.1,voobly,131,True,1,9,120,Arabia,,False,1948344640,False,2019-11-19 00:09:32.858038,20942013,0 days 00:43:52.000000000,True,True,0,3,200,0,False,178,False,1v1,1v1,0,0,1,False,20,,,,20,,,,,,,,
292,1130050,,,,userpatch 1.5,11.76,1,5.8.1,voobly,131,True,1,9,120,Arabia,,False,-1570612375,False,2019-11-19 00:08:33.533208,20942007,0 days 00:10:52.000000000,True,True,0,3,200,0,False,178,False,1v1,1v1,0,0,1,False,20,,,,20,,,,,,,,
293,1130052,,,,userpatch 1.5,11.76,1,5.8.1,voobly,131,True,1,9,120,Arabia,,False,165117854,False,2019-11-19 00:08:33.980256,20942005,0 days 00:18:48.000000000,True,True,0,3,200,0,False,178,True,1v1,1v1,0,0,1,False,20,,,,20,,,,,,,,
294,1130053,,,,userpatch 1.5,11.76,1,5.8.1,voobly,131,True,0,9,120,Arabia,,False,1067951049,False,2019-11-19 00:05:34.189568,20941995,0 days 00:51:09.000000000,True,True,0,3,200,0,False,178,False,1v1,1v1,0,0,1,False,20,,,,20,,,,,,,,
295,1130055,,,,userpatch 1.5,11.76,1,5.8.1,voobly,131,True,1,9,120,Arabia,,False,-96522391,False,2019-11-19 00:04:34.566488,20941991,0 days 00:29:15.000000000,True,True,0,3,200,0,False,178,False,1v1,1v1,0,0,1,False,20,,,,20,,,,,,,,
296,1130186,,,,userpatch 1.5,11.76,1,5.8.1,voobly,131,True,0,9,120,Arabia,,False,-1982484715,False,2019-11-19 01:49:10.438848,20942437,0 days 00:35:38.000000000,True,True,0,3,200,0,False,178,False,1v1,1v1,0,0,1,False,20,,,,20,,,,,,,,
297,1130187,,,,userpatch 1.5,11.76,1,5.8.1,voobly,131,True,1,9,120,Arabia,,False,-1454680173,False,2019-11-19 01:48:10.675110,20942435,0 days 00:49:11.000000000,True,True,0,3,200,0,False,178,False,1v1,1v1,0,0,1,False,20,,,,20,,,,,,,,
298,1130185,,,,userpatch 1.5,11.76,1,5.8.1,voobly,131,True,1,9,120,Arabia,,False,914911541,False,2019-11-19 01:50:10.136140,20942441,0 days 00:47:41.000000000,True,True,0,3,200,0,False,178,False,1v1,1v1,0,0,1,False,20,,,,20,,,,,,,,
299,1130194,,,,userpatch 1.5,11.76,1,5.8.1,voobly,131,True,1,9,120,Arabia,,False,-1312943646,False,2019-11-19 01:44:12.702283,20942413,0 days 00:29:32.000000000,True,True,0,0,200,0,False,178,False,1v1,1v1,0,2,1,False,20,,,,20,,,,,,,,
300,1130196,,,,userpatch 1.5,11.76,1,5.8.1,voobly,131,True,0,9,120,Arabia,,False,-1697262268,False,2019-11-19 01:44:13.267045,20942411,0 days 00:47:16.000000000,True,True,0,3,200,0,False,178,False,1v1,1v1,0,0,1,False,20,,,,20,,,,,,,,
301,1130200,,,,userpatch 1.5,11.76,1,5.8.1,voobly,131,True,0,9,120,Arabia,,False,110343478,False,2019-11-19 01:41:14.204502,20942398,0 days 00:26:23.000000000,True,True,0,3,200,0,False,178,False,1v1,1v1,0,0,1,False,20,,,,20,,,,,,,,
302,1130202,,,,userpatch 1.5,11.76,1,5.8.1,voobly,131,True,1,9,120,Arabia,,False,140152683,False,2019-11-19 01:38:14.685119,20942390,0 days 00:41:44.000000000,True,True,0,3,200,0,False,178,False,1v1,1v1,0,0,0,False,20,,,,20,,,,,,,,
303,1130224,,,,userpatch 1.5,11.76,1,5.8.1,voobly,131,True,0,9,120,Arabia,,False,518440441,False,2019-11-19 01:25:20.719079,20942338,0 days 00:18:21.000000000,True,True,0,3,225,0,False,178,False,1v1,1v1,0,0,0,False,20,,,,20,,,,,,,,
304,1130225,,,,userpatch 1.5,11.76,1,5.8.1,voobly,131,True,0,9,120,Arabia,,False,-1213361558,False,2019-11-19 01:25:20.972230,20942337,0 days 00:30:26.000000000,True,True,0,4,200,0,False,178,False,1v1,1v1,0,0,1,False,20,,,,20,,,,,,,,
305,1130227,,,,userpatch 1.5,11.76,1,5.8.1,voobly,131,True,1,9,120,Arabia,,False,1570223928,False,2019-11-19 01:22:21.740664,20942324,0 days 00:38:53.000000000,True,True,0,3,200,0,False,178,False,1v1,1v1,0,0,1,False,20,,,,20,,,,,,,,
306,1130229,,,,userpatch 1.5,11.76,1,5.8.1,voobly,131,True,1,9,120,Arabia,,False,736890394,False,2019-11-19 01:19:22.581406,20942304,0 days 00:51:11.000000000,True,True,0,2,200,0,False,178,False,1v1,1v1,0,0,1,False,20,,,,20,,,,,,,,
307,1130230,,,,userpatch 1.5,11.76,1,5.8.1,voobly,131,True,0,9,120,Arabia,,False,-1696875165,False,2019-11-19 01:18:23.036266,20942298,0 days 00:35:38.000000000,True,True,0,3,200,0,False,178,False,1v1,1v1,0,0,1,False,20,,,,20,,,,,,,,
308,1130213,,,,userpatch 1.5,11.76,1,5.8.1,voobly,131,True,1,9,120,Arabia,,False,1014008670,False,2019-11-19 01:31:17.841959,20942367,0 days 00:46:38.000000000,True,True,0,3,200,0,False,178,False,1v1,1v1,0,0,1,False,20,,,,20,,,,,,,,
309,1130228,,,,userpatch 1.5,11.76,1,5.8.1,voobly,131,True,0,9,120,Arabia,,False,733475964,False,2019-11-19 01:20:21.947758,20942316,0 days 00:01:17.000000000,True,True,0,0,200,0,False,178,False,1v1,1v1,0,2,1,False,20,,,,20,,,,,,,,
310,1130232,,,,userpatch 1.5,11.76,1,5.8.1,voobly,131,True,0,9,120,Arabia,,False,-90408851,False,2019-11-19 01:18:23.261326,20942296,0 days 00:05:22.000000000,True,True,0,0,200,0,False,178,False,1v1,1v1,0,2,1,False,20,,,,20,,,,,,,,
311,1130244,,,,userpatch 1.5,11.76,1,5.8.1,voobly,131,True,0,9,120,Arabia,,False,-88139305,False,2019-11-19 01:07:25.944679,20942264,0 days 00:26:54.000000000,True,True,0,3,200,0,False,178,False,1v1,1v1,0,0,1,False,20,,,,20,,,,,,,,
312,1130245,,,,userpatch 1.5,11.76,1,5.8.1,voobly,131,True,1,9,120,Arabia,,False,-1307036020,False,2019-11-19 01:07:26.392963,20942261,0 days 00:27:15.000000000,True,True,0,3,200,0,False,178,False,1v1,1v1,0,0,1,False,20,,,,20,,,,,,,,
313,1130236,,,,userpatch 1.5,11.76,1,5.8.1,voobly,131,True,0,9,120,Arabia,,False,-635313839,False,2019-11-19 01:12:24.183738,20942281,0 days 00:41:33.000000000,True,True,0,3,200,0,False,178,False,1v1,1v1,0,0,1,False,20,,,,20,,,,,,,,
314,1130238,,,,userpatch 1.5,11.76,1,5.8.1,voobly,131,True,0,9,120,Arabia,,False,1600147577,False,2019-11-19 01:11:24.603495,20942278,0 days 00:12:46.000000000,True,True,0,0,200,0,False,178,False,1v1,1v1,0,2,1,False,20,,,,20,,,,,,,,
315,1130255,,,,userpatch 1.5,11.76,1,5.8.1,voobly,131,True,0,9,120,Arabia,,False,-818122577,False,2019-11-19 01:01:28.691590,20942240,0 days 00:58:18.000000000,True,True,0,2,200,0,False,178,False,1v1,1v1,0,0,1,False,20,,,,20,,,,,,,,
316,1130292,,,,userpatch 1.5,11.76,1,5.8.1,voobly,131,True,0,9,120,Arabia,,False,585705849,False,2019-11-19 02:59:06.495735,20942716,0 days 00:37:42.000000000,True,True,0,3,200,0,False,178,False,1v1,1v1,0,0,1,False,20,,,,20,,,,,,,,
317,1130295,,,,userpatch 1.5,11.76,1,5.8.1,voobly,131,True,1,9,120,Arabia,,False,826079191,False,2019-11-19 02:56:07.573422,20942709,0 days 00:15:40.000000000,True,True,0,3,200,0,False,178,False,1v1,1v1,0,0,1,False,20,,,,20,,,,,,,,
318,1130297,,,,userpatch 1.5,11.76,1,5.8.1,voobly,131,True,1,9,120,Arabia,,False,1049557050,False,2019-11-19 02:55:08.352277,20942705,0 days 00:57:41.000000000,True,True,0,3,200,0,False,178,False,1v1,1v1,0,0,1,False,20,,,,20,,,,,,,,
319,1130296,,,,userpatch 1.5,11.76,1,5.8.1,voobly,131,True,1,9,120,Arabia,,False,-825789535,False,2019-11-19 02:55:07.888575,20942706,0 days 00:44:07.000000000,True,True,0,3,200,0,False,178,False,1v1,1v1,0,0,1,False,20,,,,20,,,,,,,,
320,1130302,,,,userpatch 1.5,11.76,1,5.8.1,voobly,131,True,0,9,120,Arabia,,False,1318692174,False,2019-11-19 02:55:09.557024,20942700,0 days 00:55:47.000000000,True,True,0,3,200,0,False,178,False,1v1,1v1,0,0,1,False,20,,,,20,,,,,,,,
321,1130298,,,,userpatch 1.5,11.76,1,5.8.1,voobly,131,True,1,9,120,Arabia,,False,-846172792,False,2019-11-19 02:55:08.579417,20942704,0 days 00:24:02.000000000,True,True,0,3,200,0,False,178,False,1v1,1v1,0,0,1,False,20,,,,20,,,,,,,,
322,1130311,,,,userpatch 1.5,11.76,1,5.8.1,voobly,131,True,1,9,120,Arabia,,False,1115468938,False,2019-11-19 02:50:11.874101,20942680,0 days 00:51:55.000000000,True,True,0,0,200,0,False,178,False,1v1,1v1,0,2,1,False,20,,,,20,,,,,,,,
323,1130314,,,,userpatch 1.5,11.76,1,5.8.1,voobly,131,True,1,9,120,Arabia,,False,-1213567384,False,2019-11-19 02:46:12.651811,20942664,0 days 00:35:33.000000000,True,True,0,3,200,0,False,178,False,1v1,1v1,0,0,1,False,20,,,,20,,,,,,,,
324,1130318,,,,userpatch 1.5,11.76,1,5.8.1,voobly,131,True,1,9,120,Arabia,,False,-826901416,False,2019-11-19 02:43:13.621408,20942649,0 days 00:41:03.000000000,True,True,0,3,200,0,False,178,False,1v1,1v1,0,0,1,False,20,,,,20,,,,,,,,
325,1130328,,,,userpatch 1.5,11.76,1,5.8.1,voobly,131,True,0,9,120,Arabia,,False,-2124580733,False,2019-11-19 02:33:16.504031,20942615,0 days 00:28:18.000000000,True,True,0,3,200,0,False,178,False,1v1,1v1,0,0,1,False,20,,,,20,,,,,,,,
326,1130329,,,,userpatch 1.5,11.76,1,5.8.1,voobly,131,True,1,9,120,Arabia,,False,582144799,False,2019-11-19 02:33:16.718445,20942613,0 days 00:30:50.000000000,True,True,0,3,200,0,False,178,False,1v1,1v1,0,0,1,False,20,,,,20,,,,,,,,
327,1130332,,,,userpatch 1.5,11.76,1,5.8.1,voobly,131,True,0,9,120,Arabia,,False,991319361,False,2019-11-19 02:32:17.409957,20942607,0 days 00:02:05.000000000,True,True,0,3,200,0,False,178,False,1v1,1v1,0,0,1,False,20,,,,20,,,,,,,,
328,1130340,,,,userpatch 1.5,11.76,1,5.8.1,voobly,131,True,0,9,120,Arabia,,False,8899260,False,2019-11-19 02:26:19.273605,20942585,0 days 01:01:12.000000000,True,True,0,2,200,0,False,178,False,1v1,1v1,0,0,1,False,20,,,,20,,,,,,,,
329,1130341,,,,userpatch 1.5,11.76,1,5.8.1,voobly,131,True,0,9,120,Arabia,,False,-1985782546,False,2019-11-19 02:26:19.500221,20942584,0 days 00:55:44.000000000,True,True,0,3,200,0,False,178,False,1v1,1v1,0,0,1,False,20,,,,20,,,,,,,,
330,1130342,,,,userpatch 1.5,11.76,1,5.8.1,voobly,131,True,0,9,120,Arabia,,False,101942152,False,2019-11-19 02:26:19.742574,20942582,0 days 00:49:49.000000000,True,True,0,3,200,0,False,178,False,1v1,1v1,0,0,1,False,20,,,,20,,,,,,,,
331,1130376,,,,userpatch 1.5,11.76,1,5.8.1,voobly,131,True,0,9,120,Arabia,,False,1520633700,False,2019-11-19 02:03:27.190195,20942487,0 days 00:39:24.000000000,True,True,0,3,200,0,False,178,False,1v1,1v1,0,0,1,False,20,,,,20,,,,,,,,
332,1130337,,,,userpatch 1.5,11.76,1,5.8.1,voobly,131,True,1,9,120,Arabia,,False,-1907631000,False,2019-11-19 02:27:18.699473,20942590,0 days 00:49:56.000000000,True,True,0,3,200,0,False,178,False,1v1,1v1,0,0,1,False,20,,,,20,,,,,,,,
333,1130343,,,,userpatch 1.5,11.76,1,5.8.1,voobly,131,True,1,9,120,Arabia,,False,708078766,False,2019-11-19 02:25:20.035741,20942577,0 days 00:49:01.000000000,True,True,0,3,200,0,False,178,False,1v1,1v1,0,0,1,False,20,,,,20,,,,,,,,
334,1130345,,,,userpatch 1.5,11.76,1,5.8.1,voobly,131,True,0,9,120,Arabia,,False,1390078389,False,2019-11-19 02:25:20.542322,20942572,0 days 00:16:36.000000000,True,True,0,3,200,0,False,178,False,1v1,1v1,0,0,1,False,20,,,,20,,,,,,,,
335,1130346,,,,userpatch 1.5,11.76,1,5.8.1,voobly,131,True,0,9,120,Arabia,,False,-1925209093,False,2019-11-19 02:23:20.946838,20942565,0 days 00:53:18.000000000,True,True,0,3,200,0,False,178,True,1v1,1v1,0,0,0,False,20,,,,20,,,,,,,,
336,1130349,,,,userpatch 1.5,11.76,1,5.8.1,voobly,131,True,1,9,120,Arabia,,False,-444060993,False,2019-11-19 02:21:21.512197,20942558,0 days 00:12:34.000000000,True,True,0,3,200,0,False,178,False,1v1,1v1,0,0,1,False,20,,,,20,,,,,,,,
337,1130354,,,,userpatch 1.5,11.76,1,5.8.1,voobly,131,True,1,9,120,Arabia,,False,2094577967,False,2019-11-19 02:19:22.474763,20942546,0 days 00:45:44.000000000,True,True,0,3,200,0,False,178,False,1v1,1v1,0,0,1,False,20,,,,20,,,,,,,,
338,1130357,,,,userpatch 1.5,11.76,1,5.8.1,voobly,131,True,1,9,120,Arabia,,False,-376280549,False,2019-11-19 02:15:23.041714,20942538,0 days 00:41:15.000000000,True,True,0,3,200,0,False,178,False,1v1,1v1,0,0,1,False,20,,,,20,,,,,,,,
339,1130358,,,,userpatch 1.5,11.76,1,5.8.1,voobly,131,True,1,9,120,Arabia,,False,-621561428,False,2019-11-19 02:14:23.243383,20942532,0 days 00:30:30.000000000,True,True,0,0,200,0,False,178,False,1v1,1v1,0,2,1,False,20,,,,20,,,,,,,,
340,1130370,,,,userpatch 1.5,11.76,1,5.8.1,voobly,131,True,0,9,120,Arabia,,False,203047076,False,2019-11-19 02:07:25.942392,20942504,0 days 00:33:31.000000000,True,True,0,0,200,0,False,178,False,1v1,1v1,0,0,1,False,20,,,,20,,,,,,,,
341,1130568,,,,userpatch 1.5,11.76,1,5.8.1,voobly,131,True,1,9,120,Arabia,,False,826079191,False,2019-11-19 03:56:06.456129,20942925,0 days 00:26:53.000000000,True,True,0,0,200,0,False,178,False,1v1,1v1,0,0,1,False,20,,,,20,,,,,,,,
342,1130569,,,,userpatch 1.5,11.76,1,5.8.1,voobly,131,True,0,9,120,Arabia,,False,-1252778740,False,2019-11-19 03:55:06.725194,20942923,0 days 00:22:41.000000000,True,True,0,3,200,0,False,178,False,1v1,1v1,0,0,1,False,20,,,,20,,,,,,,,
343,1130585,,,,userpatch 1.5,11.76,1,5.8.1,voobly,131,True,0,9,120,Arabia,,False,2141367963,False,2019-11-19 03:43:11.474492,20942871,0 days 00:43:31.000000000,True,True,0,3,200,0,False,178,False,1v1,1v1,0,0,1,False,20,,,,20,,,,,,,,
344,1130606,,,,userpatch 1.5,11.76,1,5.8.1,voobly,131,True,0,9,120,Arabia,,False,-288347716,False,2019-11-19 03:24:16.785011,20942806,0 days 00:47:27.000000000,True,True,0,3,200,0,False,178,False,1v1,1v1,0,0,1,False,20,,,,20,,,,,,,,
345,1130616,,,,userpatch 1.5,11.76,1,5.8.1,voobly,131,True,1,9,120,Arabia,,False,-628415888,False,2019-11-19 03:16:19.255884,20942783,0 days 00:27:45.000000000,True,True,0,3,200,0,False,178,False,1v1,1v1,0,0,1,False,20,,,,20,,,,,,,,
346,1130618,,,,userpatch 1.5,11.76,1,5.8.1,voobly,131,True,1,9,120,Arabia,,False,594194859,False,2019-11-19 03:14:19.788047,20942775,0 days 00:27:03.000000000,True,True,0,3,200,0,False,178,False,1v1,1v1,0,0,0,False,20,,,,20,,,,,,,,
347,1130621,,,,userpatch 1.5,11.76,1,5.8.1,voobly,131,True,0,9,120,Arabia,,False,-373776508,False,2019-11-19 03:10:21.036966,20942761,0 days 00:25:23.000000000,True,True,0,3,200,0,False,178,False,1v1,1v1,0,0,1,False,20,,,,20,,,,,,,,
348,1130622,,,,userpatch 1.5,11.76,1,5.8.1,voobly,131,True,0,9,120,Arabia,,False,222434478,False,2019-11-19 03:10:21.293487,20942760,0 days 01:13:29.000000000,True,True,0,3,200,0,False,178,False,1v1,1v1,0,0,0,False,20,,,,20,,,,,,,,
349,1130584,,,,userpatch 1.5,11.76,1,5.8.1,voobly,131,True,0,9,120,Arabia,,False,-1495415354,False,2019-11-19 03:44:11.286513,20942879,0 days 00:45:10.000000000,True,True,0,3,200,0,False,178,True,1v1,1v1,0,0,1,False,20,,,,20,,,,,,,,
350,1130586,,,,userpatch 1.5,11.76,1,5.8.1,voobly,131,True,0,9,120,Arabia,,False,88301987,False,2019-11-19 03:41:11.747514,20942868,0 days 00:30:38.000000000,True,True,0,3,200,0,False,178,False,1v1,1v1,0,0,1,False,20,,,,20,,,,,,,,
351,1130592,,,,userpatch 1.5,11.76,1,5.8.1,voobly,131,True,1,9,120,Arabia,,False,1000339418,False,2019-11-19 03:36:13.460082,20942849,0 days 00:39:13.000000000,True,True,0,3,200,0,False,178,False,1v1,1v1,0,0,0,False,20,,,,20,,,,,,,,
352,1130598,,,,userpatch 1.5,11.76,1,5.8.1,voobly,131,True,0,9,120,Arabia,,False,-1553861371,False,2019-11-19 03:26:14.832297,20942822,0 days 00:28:39.000000000,True,True,0,3,200,0,False,178,False,1v1,1v1,0,0,1,False,20,,,,20,,,,,,,,
353,1130601,,,,userpatch 1.5,11.76,1,5.8.1,voobly,131,True,0,9,120,Arabia,,False,-664820597,False,2019-11-19 03:25:15.647726,20942817,0 days 01:20:02.000000000,True,True,0,3,200,0,False,178,False,1v1,1v1,0,0,1,False,20,,,,20,,,,,,,,
354,1130603,,,,userpatch 1.5,11.76,1,5.8.1,voobly,131,True,0,9,120,Arabia,,False,-493353125,False,2019-11-19 03:24:16.131672,20942810,0 days 00:42:39.000000000,True,True,0,3,200,0,False,178,False,1v1,1v1,0,0,1,False,20,,,,20,,,,,,,,
355,1130613,,,,userpatch 1.5,11.76,1,5.8.1,voobly,131,True,0,9,120,Arabia,,False,-516301769,False,2019-11-19 03:20:18.478550,20942794,0 days 00:32:02.000000000,True,True,0,3,200,0,False,178,False,1v1,1v1,0,0,1,False,20,,,,20,,,,,,,,
